,Time,Open,High,Low,Close,Volume
0,2020-01-01 00:00:00,129.16,133.05,128.68,130.77,144770.52197
1,2020-01-02 00:00:00,130.72,130.78,126.38,127.19,213757.05806
2,2020-01-03 00:00:00,127.19,135.14,125.88,134.35,413055.18895
3,2020-01-04 00:00:00,134.37,135.85,132.5,134.2,184276.17102
4,2020-01-05 00:00:00,134.2,138.19,134.19,135.37,254120.45343
5,2020-01-06 00:00:00,135.37,144.41,134.86,144.15,408020.27375
6,2020-01-07 00:00:00,144.14,145.31,138.76,142.8,447762.17281
7,2020-01-08 00:00:00,142.8,147.77,137.03,140.72,570465.57764
8,2020-01-09 00:00:00,140.76,141.5,135.3,137.74,366076.06569
9,2020-01-10 00:00:00,137.73,145.17,135.32,144.84,409403.59507
10,2020-01-11 00:00:00,144.83,148.05,142.09,142.38,368350.57939
11,2020-01-12 00:00:00,142.4,146.6,141.76,146.54,229541.86137
12,2020-01-13 00:00:00,146.56,147.0,142.27,143.58,207996.61865
13,2020-01-14 00:00:00,143.58,171.7,143.51,165.64,1108476.31186
14,2020-01-15 00:00:00,165.6,171.98,159.2,166.4,721687.80381
15,2020-01-16 00:00:00,166.4,167.4,157.8,164.21,456170.86719
16,2020-01-17 00:00:00,164.24,174.81,162.14,169.85,767180.67853
17,2020-01-18 00:00:00,169.92,179.5,164.92,174.14,688783.17982
18,2020-01-19 00:00:00,174.1,178.05,161.66,166.79,624681.28604
19,2020-01-20 00:00:00,166.79,169.33,161.24,166.87,358092.8841
20,2020-01-21 00:00:00,166.86,170.32,164.8,169.49,308007.6353
21,2020-01-22 00:00:00,169.48,171.47,166.03,168.07,272240.90286
22,2020-01-23 00:00:00,168.07,168.2,159.21,162.81,373414.34985
23,2020-01-24 00:00:00,162.85,164.45,155.55,162.54,430013.19902
24,2020-01-25 00:00:00,162.51,162.79,157.61,160.35,219921.65197
25,2020-01-26 00:00:00,160.36,168.08,159.41,167.86,251582.55758
26,2020-01-27 00:00:00,167.91,172.56,165.22,170.08,365894.81917
27,2020-01-28 00:00:00,170.04,176.2,170.03,175.64,473433.89609
28,2020-01-29 00:00:00,175.58,178.45,173.33,173.72,317382.90161
29,2020-01-30 00:00:00,173.68,187.0,170.93,184.69,477721.6609
30,2020-01-31 00:00:00,184.71,185.82,175.22,179.99,385596.53365
31,2020-02-01 00:00:00,179.94,184.28,179.23,183.6,259370.12902
32,2020-02-02 00:00:00,183.63,193.43,179.1,188.44,552621.13619
33,2020-02-03 00:00:00,188.48,195.19,186.62,189.69,417175.95781
34,2020-02-04 00:00:00,189.74,191.6,184.69,188.91,366389.69686
35,2020-02-05 00:00:00,188.91,207.61,188.19,203.78,550942.11417
36,2020-02-06 00:00:00,203.78,216.33,201.02,213.19,608240.2233
37,2020-02-07 00:00:00,213.16,225.0,213.14,223.33,629361.15466
38,2020-02-08 00:00:00,223.36,227.75,213.22,223.05,548551.87465
39,2020-02-09 00:00:00,223.01,230.65,222.86,228.49,350336.24399
40,2020-02-10 00:00:00,228.53,229.4,216.37,222.89,510415.49949
41,2020-02-11 00:00:00,222.89,239.15,218.17,236.69,595576.90276
42,2020-02-12 00:00:00,236.69,275.34,236.69,265.74,1038073.74782
43,2020-02-13 00:00:00,265.74,277.69,256.08,268.32,1089679.1537
44,2020-02-14 00:00:00,268.34,287.15,260.28,285.15,734944.32266
45,2020-02-15 00:00:00,285.11,288.41,261.86,264.88,860813.14274
46,2020-02-16 00:00:00,264.91,274.0,237.41,258.85,1110118.46395
47,2020-02-17 00:00:00,258.89,268.77,242.0,267.85,1110371.39094
48,2020-02-18 00:00:00,267.9,285.88,258.0,282.61,1115523.43992
49,2020-02-19 00:00:00,282.64,285.0,251.56,258.45,705973.72988
50,2020-02-20 00:00:00,258.44,264.33,245.34,256.96,972969.71691
51,2020-02-21 00:00:00,256.97,268.24,253.61,265.27,525827.8734
52,2020-02-22 00:00:00,265.32,266.81,256.0,261.57,313062.52133
53,2020-02-23 00:00:00,261.55,275.68,261.02,274.48,444740.82883
54,2020-02-24 00:00:00,274.5,277.2,257.09,265.52,696591.72983
55,2020-02-25 00:00:00,265.47,266.22,244.44,246.67,774791.01027
56,2020-02-26 00:00:00,246.67,250.32,215.66,223.93,1395879.41507
57,2020-02-27 00:00:00,223.98,238.3,210.0,227.79,1273793.11658
58,2020-02-28 00:00:00,227.73,234.67,214.01,226.76,1054994.92397
59,2020-02-29 00:00:00,226.76,233.0,217.0,217.21,546866.6851
60,2020-03-01 00:00:00,217.29,227.89,212.36,217.81,715016.01941
61,2020-03-02 00:00:00,217.81,234.4,216.07,231.97,810051.4833
62,2020-03-03 00:00:00,232.1,232.46,219.57,223.91,741498.54825
63,2020-03-04 00:00:00,223.84,228.85,220.23,224.26,443780.33772
64,2020-03-05 00:00:00,224.26,234.09,224.23,228.38,601479.87587
65,2020-03-06 00:00:00,228.38,245.16,227.33,244.88,628147.3257
66,2020-03-07 00:00:00,244.93,251.93,236.0,237.23,633748.89662
67,2020-03-08 00:00:00,237.23,237.23,195.5,199.43,1278973.53741
68,2020-03-09 00:00:00,199.43,208.62,190.0,202.81,1661331.83553
69,2020-03-10 00:00:00,202.79,206.2,195.54,200.7,1020260.107
70,2020-03-11 00:00:00,200.74,203.18,181.73,194.61,1079824.90167
71,2020-03-12 00:00:00,194.61,195.55,101.2,107.82,3814533.14046
72,2020-03-13 00:00:00,107.67,139.68,86.0,134.06,4663239.92861
73,2020-03-14 00:00:00,134.06,134.68,120.0,122.54,1237674.88642
74,2020-03-15 00:00:00,122.54,133.5,120.16,123.78,1312950.90137
75,2020-03-16 00:00:00,123.82,124.33,101.1,111.02,2442064.14448
76,2020-03-17 00:00:00,111.02,120.8,109.38,115.67,1295108.4848
77,2020-03-18 00:00:00,115.67,118.5,109.86,118.11,1201850.31275
78,2020-03-19 00:00:00,118.11,143.13,115.46,136.3,1801071.18816
79,2020-03-20 00:00:00,136.3,152.55,116.74,133.48,2504057.63799
80,2020-03-21 00:00:00,133.49,137.49,125.69,132.66,1231842.11121
81,2020-03-22 00:00:00,132.63,137.13,121.1,122.32,1055699.86532
82,2020-03-23 00:00:00,122.31,137.5,119.5,135.92,1436796.12449
83,2020-03-24 00:00:00,135.89,143.36,132.2,138.42,1244377.16334
84,2020-03-25 00:00:00,138.42,142.33,132.54,136.1,1034248.74369
85,2020-03-26 00:00:00,136.11,139.74,133.26,138.4,751060.63102
86,2020-03-27 00:00:00,138.4,141.27,129.68,131.33,706948.54559
87,2020-03-28 00:00:00,131.33,132.97,124.88,130.98,896032.10594
88,2020-03-29 00:00:00,130.94,131.84,123.81,124.5,543997.0
89,2020-03-30 00:00:00,124.47,135.42,124.06,132.06,764831.92747
90,2020-03-31 00:00:00,132.09,135.0,130.38,132.72,547669.27789
91,2020-04-01 00:00:00,132.72,136.99,128.62,135.69,680922.24747
92,2020-04-02 00:00:00,135.65,149.76,135.01,141.28,1138977.66114
93,2020-04-03 00:00:00,141.27,146.72,137.26,141.31,797546.11446
94,2020-04-04 00:00:00,141.3,146.28,138.88,144.1,573508.14086
95,2020-04-05 00:00:00,144.1,145.58,140.68,142.68,414987.45246
96,2020-04-06 00:00:00,142.69,172.0,142.6,171.32,1636338.7311
97,2020-04-07 00:00:00,171.32,176.22,162.22,164.63,1717962.82538
98,2020-04-08 00:00:00,164.62,174.48,163.59,173.11,1023575.92076
99,2020-04-09 00:00:00,173.15,173.38,165.19,169.52,719837.24423
100,2020-04-10 00:00:00,169.56,170.1,152.11,157.81,1314841.362
101,2020-04-11 00:00:00,157.81,161.37,153.91,158.33,621599.61289
102,2020-04-12 00:00:00,158.33,164.78,155.0,158.59,809100.24594
103,2020-04-13 00:00:00,158.56,158.97,150.0,156.29,1042091.03622
104,2020-04-14 00:00:00,156.28,161.85,155.23,158.45,698030.65089
105,2020-04-15 00:00:00,158.46,161.29,152.0,152.73,729119.66505
106,2020-04-16 00:00:00,152.74,174.79,148.33,172.29,1647207.59991
107,2020-04-17 00:00:00,172.31,174.96,168.31,170.69,723537.75591
108,2020-04-18 00:00:00,170.61,189.54,170.48,187.4,1127296.36979
109,2020-04-19 00:00:00,187.4,188.35,175.75,180.03,995759.5775
110,2020-04-20 00:00:00,180.02,186.46,166.7,170.2,1547821.52737
111,2020-04-21 00:00:00,170.21,174.7,168.0,170.74,906381.65398
112,2020-04-22 00:00:00,170.73,184.0,169.78,182.7,988698.39076
113,2020-04-23 00:00:00,182.7,193.63,178.16,185.51,1457867.08713
114,2020-04-24 00:00:00,185.57,189.8,184.72,187.59,780904.21257
115,2020-04-25 00:00:00,187.6,198.36,185.76,194.21,866478.04928
116,2020-04-26 00:00:00,194.21,200.0,192.3,197.38,758525.81533
117,2020-04-27 00:00:00,197.39,199.05,189.29,196.34,896627.37271
118,2020-04-28 00:00:00,196.33,198.5,192.36,196.24,636829.89397
119,2020-04-29 00:00:00,196.24,218.77,196.22,215.36,1620422.72431
120,2020-04-30 00:00:00,215.4,227.3,202.0,206.08,1749691.00151
121,2020-05-01 00:00:00,206.07,217.14,205.91,212.02,794913.95828
122,2020-05-02 00:00:00,212.01,215.37,210.36,213.9,443494.67248
123,2020-05-03 00:00:00,213.89,219.3,203.92,209.86,748383.91311
124,2020-05-04 00:00:00,209.86,210.65,194.88,206.48,1114249.32658
125,2020-05-05 00:00:00,206.47,211.68,201.0,205.29,640644.66268
126,2020-05-06 00:00:00,205.3,210.77,197.71,198.97,862700.67849
127,2020-05-07 00:00:00,198.92,215.1,196.43,212.0,1305778.73764
128,2020-05-08 00:00:00,212.01,216.61,206.9,211.31,917908.1944
129,2020-05-09 00:00:00,211.32,214.6,208.4,210.07,587871.98073
130,2020-05-10 00:00:00,210.09,210.18,179.59,187.54,1473226.05475
131,2020-05-11 00:00:00,187.62,193.5,176.0,185.73,1093299.81927
132,2020-05-12 00:00:00,185.8,192.24,185.48,189.76,669755.79567
133,2020-05-13 00:00:00,189.77,201.0,188.35,199.58,806143.00704
134,2020-05-14 00:00:00,199.61,206.02,195.67,203.29,1114700.24937
135,2020-05-15 00:00:00,203.29,204.08,191.66,194.86,904749.6357
136,2020-05-16 00:00:00,194.87,203.5,193.21,200.45,669900.03754
137,2020-05-17 00:00:00,200.44,209.85,199.68,207.0,708711.89315
138,2020-05-18 00:00:00,207.02,217.07,207.0,214.91,1064139.2485
139,2020-05-19 00:00:00,214.92,215.95,209.45,214.58,643702.98849
140,2020-05-20 00:00:00,214.6,215.75,204.27,209.98,679532.61037
141,2020-05-21 00:00:00,209.99,211.64,191.71,198.74,1003923.4342
142,2020-05-22 00:00:00,198.72,209.19,196.24,207.36,787672.36081
143,2020-05-23 00:00:00,207.36,211.2,204.55,206.6,478559.92006
144,2020-05-24 00:00:00,206.6,210.55,199.5,199.9,673535.05784
145,2020-05-25 00:00:00,199.9,205.67,198.01,204.15,469931.62492
146,2020-05-26 00:00:00,204.22,205.0,196.9,200.89,477176.7353
147,2020-05-27 00:00:00,200.92,208.44,200.76,208.29,494816.72727
148,2020-05-28 00:00:00,208.29,220.5,204.67,220.21,643945.97769
149,2020-05-29 00:00:00,220.24,224.79,217.57,220.67,603058.0759
150,2020-05-30 00:00:00,220.63,247.0,218.8,243.66,1019550.75146
151,2020-05-31 00:00:00,243.71,245.39,229.58,231.57,821608.68884
152,2020-06-01 00:00:00,231.56,250.68,230.66,248.23,823816.69936
153,2020-06-02 00:00:00,248.23,253.8,225.0,237.71,955520.91863
154,2020-06-03 00:00:00,237.71,245.0,232.71,244.52,502928.13371
155,2020-06-04 00:00:00,244.54,246.6,236.0,243.21,669369.3392
156,2020-06-05 00:00:00,243.22,247.87,239.14,240.03,502547.41103
157,2020-06-06 00:00:00,240.04,244.7,237.83,241.94,389423.07798
158,2020-06-07 00:00:00,241.94,245.37,234.6,244.56,571102.55515
159,2020-06-08 00:00:00,244.57,247.7,240.59,246.4,383116.54719
160,2020-06-09 00:00:00,246.37,249.82,238.0,243.8,420327.17133
161,2020-06-10 00:00:00,243.79,250.28,242.0,247.78,431285.61715
162,2020-06-11 00:00:00,247.78,250.09,226.2,230.51,816456.89161
163,2020-06-12 00:00:00,230.46,239.38,228.19,237.55,446515.34124
164,2020-06-13 00:00:00,237.55,238.73,234.66,238.11,253797.7809
165,2020-06-14 00:00:00,238.13,238.59,229.83,231.77,304943.21188
166,2020-06-15 00:00:00,231.74,233.55,218.27,230.86,875026.92057
167,2020-06-16 00:00:00,230.86,236.0,228.7,235.3,499194.66758
168,2020-06-17 00:00:00,235.31,237.3,227.65,233.82,478187.2917
169,2020-06-18 00:00:00,233.82,234.65,227.93,231.27,334347.79917
170,2020-06-19 00:00:00,231.26,231.95,226.74,229.0,397284.59808
171,2020-06-20 00:00:00,229.0,230.85,225.62,228.89,303704.98826
172,2020-06-21 00:00:00,228.88,231.49,227.11,228.04,256305.23734
173,2020-06-22 00:00:00,228.03,246.89,227.51,243.13,749030.11114
174,2020-06-23 00:00:00,243.11,244.87,240.75,243.14,442296.31477
175,2020-06-24 00:00:00,243.15,249.24,231.07,234.58,921634.0534
176,2020-06-25 00:00:00,234.57,235.39,227.56,232.5,613748.59348
177,2020-06-26 00:00:00,232.49,233.61,227.75,229.64,628340.07007
178,2020-06-27 00:00:00,229.66,231.42,216.0,220.94,645950.61438
179,2020-06-28 00:00:00,220.94,227.96,218.32,224.93,444766.56881
180,2020-06-29 00:00:00,224.89,229.96,221.26,227.93,597915.52242
181,2020-06-30 00:00:00,227.98,228.7,222.91,225.6,415036.02977
182,2020-07-01 00:00:00,225.59,232.71,224.16,230.99,517351.58865
183,2020-07-02 00:00:00,230.99,232.01,222.87,226.46,592485.91115
184,2020-07-03 00:00:00,226.46,228.13,223.97,224.87,314578.5004
185,2020-07-04 00:00:00,224.86,230.71,224.43,229.17,307726.46593
186,2020-07-05 00:00:00,229.24,229.85,223.05,227.56,355747.12006
187,2020-07-06 00:00:00,227.54,242.0,226.93,241.6,864817.507
188,2020-07-07 00:00:00,241.6,243.77,234.4,239.39,600424.97209
189,2020-07-08 00:00:00,239.39,248.88,237.78,246.95,958185.83708
190,2020-07-09 00:00:00,246.94,247.9,237.88,241.98,647641.58291
191,2020-07-10 00:00:00,241.97,242.16,235.72,241.26,455025.12385
192,2020-07-11 00:00:00,241.27,241.67,237.54,239.19,294476.00626
193,2020-07-12 00:00:00,239.19,244.0,236.52,242.79,469315.1172
194,2020-07-13 00:00:00,242.76,245.33,237.33,239.5,604093.04245
195,2020-07-14 00:00:00,239.5,242.09,237.0,240.44,426320.89188
196,2020-07-15 00:00:00,240.45,241.45,236.83,238.61,368350.66518
197,2020-07-16 00:00:00,238.59,239.39,230.02,233.57,587161.73894
198,2020-07-17 00:00:00,233.58,234.84,231.65,232.67,325600.21444
199,2020-07-18 00:00:00,232.66,236.8,232.32,235.67,341356.6182
200,2020-07-19 00:00:00,235.67,239.92,233.28,239.11,348803.52073
201,2020-07-20 00:00:00,239.12,239.72,234.05,236.01,396657.91938
202,2020-07-21 00:00:00,236.0,246.66,235.57,245.59,637462.08074
203,2020-07-22 00:00:00,245.53,269.61,241.51,263.74,718417.68296
204,2020-07-23 00:00:00,263.75,279.98,259.7,275.3,1068774.57879
205,2020-07-24 00:00:00,275.31,287.34,266.0,279.15,926033.06692
206,2020-07-25 00:00:00,279.15,308.94,279.09,305.26,1058927.30554
207,2020-07-26 00:00:00,305.31,318.75,299.0,311.0,1270368.753
208,2020-07-27 00:00:00,311.02,333.31,310.78,321.93,1636122.34727
209,2020-07-28 00:00:00,321.95,326.8,305.86,316.77,1093231.55578
210,2020-07-29 00:00:00,316.77,325.0,312.38,317.71,792802.32148
211,2020-07-30 00:00:00,317.76,342.0,314.05,334.87,1008827.56698
212,2020-07-31 00:00:00,334.82,349.45,328.4,346.33,948088.44982
213,2020-08-01 00:00:00,346.32,392.67,343.07,387.0,1440843.34203
214,2020-08-02 00:00:00,387.01,415.85,325.0,372.42,2324909.09616
215,2020-08-03 00:00:00,372.45,398.0,366.5,385.94,1191565.09389
216,2020-08-04 00:00:00,385.91,402.98,380.77,389.61,1180792.42379
217,2020-08-05 00:00:00,389.59,407.0,384.11,400.72,1124119.0672
218,2020-08-06 00:00:00,400.72,403.66,390.51,394.77,821379.08397
219,2020-08-07 00:00:00,394.77,398.26,362.85,379.34,1041207.35946
220,2020-08-08 00:00:00,379.34,397.05,375.79,397.03,623029.78053
221,2020-08-09 00:00:00,397.05,400.0,383.36,390.14,594900.58133
222,2020-08-10 00:00:00,390.14,399.18,385.13,395.44,826969.90633
223,2020-08-11 00:00:00,395.43,398.21,367.0,379.0,992412.6023
224,2020-08-12 00:00:00,378.99,389.23,365.85,387.18,751848.7983
225,2020-08-13 00:00:00,387.18,431.49,376.59,424.54,1511330.7732
226,2020-08-14 00:00:00,424.54,444.71,417.05,438.11,1109670.94324
227,2020-08-15 00:00:00,438.12,442.94,427.02,432.32,681698.5971
228,2020-08-16 00:00:00,432.3,436.99,412.47,433.62,716666.25258
229,2020-08-17 00:00:00,433.61,446.0,420.37,430.89,868870.64996
230,2020-08-18 00:00:00,430.89,433.81,415.0,421.95,743254.57018
231,2020-08-19 00:00:00,421.92,426.75,393.25,407.46,978339.69221
232,2020-08-20 00:00:00,407.46,418.98,402.07,415.94,663555.73445
233,2020-08-21 00:00:00,415.94,418.68,385.1,387.97,860998.7256
234,2020-08-22 00:00:00,387.93,397.04,379.92,395.24,643235.76543
235,2020-08-23 00:00:00,395.23,396.95,383.15,390.71,445317.81989
236,2020-08-24 00:00:00,390.72,410.42,387.44,407.68,717403.81877
237,2020-08-25 00:00:00,407.68,409.06,370.0,382.93,970445.38395
238,2020-08-26 00:00:00,382.91,392.91,377.37,385.81,738690.7794
239,2020-08-27 00:00:00,385.81,397.1,371.48,383.27,877763.73658
240,2020-08-28 00:00:00,383.31,398.0,379.75,395.11,732601.46905
241,2020-08-29 00:00:00,395.1,405.69,391.88,398.65,659802.63344
242,2020-08-30 00:00:00,398.65,429.89,398.3,428.94,894979.71788
243,2020-08-31 00:00:00,428.94,439.0,418.04,433.79,1040748.68881
244,2020-09-01 00:00:00,433.8,488.84,429.03,475.4,1751354.57719
245,2020-09-02 00:00:00,475.4,481.39,420.0,439.5,1880642.46853
246,2020-09-03 00:00:00,439.5,450.7,372.0,381.4,2408569.34151
247,2020-09-04 00:00:00,381.35,400.21,357.0,385.26,1806488.22474
248,2020-09-05 00:00:00,385.3,395.0,308.42,335.01,2777166.51389
249,2020-09-06 00:00:00,335.04,360.0,316.1,352.8,2017811.14721
250,2020-09-07 00:00:00,352.85,358.51,323.0,353.59,1740618.42462
251,2020-09-08 00:00:00,353.59,356.58,325.38,337.39,1400246.82962
252,2020-09-09 00:00:00,337.41,359.0,330.51,350.85,879760.56255
253,2020-09-10 00:00:00,350.85,377.25,349.91,367.93,1134287.61137
254,2020-09-11 00:00:00,367.93,375.27,355.49,373.63,844017.59966
255,2020-09-12 00:00:00,373.62,388.57,364.73,387.78,766542.31635
256,2020-09-13 00:00:00,387.78,390.43,350.0,366.42,989195.69047
257,2020-09-14 00:00:00,366.43,384.64,355.73,377.12,1042059.62265
258,2020-09-15 00:00:00,377.12,382.47,362.34,364.06,883856.33005
259,2020-09-16 00:00:00,364.05,373.45,355.0,365.11,841709.98939
260,2020-09-17 00:00:00,365.04,394.14,363.3,389.36,1256300.411
261,2020-09-18 00:00:00,389.35,392.58,375.33,384.39,804194.47219
262,2020-09-19 00:00:00,384.4,388.72,377.0,385.25,570908.33553
263,2020-09-20 00:00:00,385.25,385.45,365.0,371.04,693164.40144
264,2020-09-21 00:00:00,371.04,376.8,331.0,340.36,1283946.03098
265,2020-09-22 00:00:00,340.31,346.91,335.34,344.21,842731.12878
266,2020-09-23 00:00:00,344.18,344.65,313.29,320.72,940904.49756
267,2020-09-24 00:00:00,320.72,353.1,316.67,348.97,1071705.09721
268,2020-09-25 00:00:00,348.97,358.0,337.58,351.92,860643.77924
269,2020-09-26 00:00:00,351.93,356.4,345.88,353.92,530879.20755
270,2020-09-27 00:00:00,353.95,362.14,347.24,357.49,569568.55041
271,2020-09-28 00:00:00,357.58,368.2,351.7,353.96,757758.4304
272,2020-09-29 00:00:00,353.91,360.63,350.45,359.79,585143.16892
273,2020-09-30 00:00:00,359.78,361.5,351.56,359.83,498943.23226
274,2020-10-01 00:00:00,359.83,370.45,345.51,352.85,758349.31959
275,2020-10-02 00:00:00,352.83,354.55,334.24,345.6,733571.84211
276,2020-10-03 00:00:00,345.6,351.0,343.7,345.95,303595.71901
277,2020-10-04 00:00:00,345.94,354.45,343.81,352.37,343932.91712
278,2020-10-05 00:00:00,352.34,356.1,348.54,353.62,376740.30692
279,2020-10-06 00:00:00,353.63,355.1,336.8,340.75,640063.26951
280,2020-10-07 00:00:00,340.8,342.85,332.18,341.58,541928.86376
281,2020-10-08 00:00:00,341.58,353.32,334.21,350.95,631794.8756
282,2020-10-09 00:00:00,350.94,368.33,347.32,365.02,650478.19338
283,2020-10-10 00:00:00,365.01,378.4,364.71,370.52,591005.32129
284,2020-10-11 00:00:00,370.51,377.6,368.87,374.16,373318.23779
285,2020-10-12 00:00:00,374.17,394.8,365.58,386.51,844422.65444
286,2020-10-13 00:00:00,386.51,387.75,374.51,381.04,645141.91394
287,2020-10-14 00:00:00,381.05,387.41,373.13,378.69,569557.82936
288,2020-10-15 00:00:00,378.69,381.79,369.85,377.64,634038.09453
289,2020-10-16 00:00:00,377.63,379.83,361.18,365.5,654029.36404
290,2020-10-17 00:00:00,365.5,370.46,363.36,368.32,285578.24537
291,2020-10-18 00:00:00,368.31,378.64,367.1,378.11,323468.47095
292,2020-10-19 00:00:00,378.12,384.32,372.5,379.3,577252.90265
293,2020-10-20 00:00:00,379.3,380.73,365.27,368.52,617309.81677
294,2020-10-21 00:00:00,368.53,401.49,367.74,390.38,1221663.63784
295,2020-10-22 00:00:00,390.31,420.73,390.21,413.98,1095897.20667
296,2020-10-23 00:00:00,413.94,419.33,401.3,409.11,727832.3224
297,2020-10-24 00:00:00,409.19,416.66,407.0,412.14,419236.87106
298,2020-10-25 00:00:00,412.14,417.4,402.5,405.86,415586.9761
299,2020-10-26 00:00:00,405.85,411.11,382.3,392.52,895142.67266
300,2020-10-27 00:00:00,392.52,410.25,389.9,403.45,754261.74114
301,2020-10-28 00:00:00,403.41,409.2,380.52,388.23,855275.46882
302,2020-10-29 00:00:00,388.22,393.72,380.52,387.13,573096.01416
303,2020-10-30 00:00:00,387.12,391.97,373.29,382.49,771750.74746
304,2020-10-31 00:00:00,382.59,394.88,379.9,386.46,467453.8105
305,2020-11-01 00:00:00,386.44,398.29,384.61,396.67,438952.95565
306,2020-11-02 00:00:00,396.68,404.5,377.92,383.02,779968.57957
307,2020-11-03 00:00:00,383.01,390.0,370.23,387.88,752954.37114
308,2020-11-04 00:00:00,387.88,408.39,376.47,402.49,1157064.35076
309,2020-11-05 00:00:00,402.5,420.4,396.14,416.69,1475139.77342
310,2020-11-06 00:00:00,416.73,458.27,414.76,455.91,1682440.96026
311,2020-11-07 00:00:00,455.91,468.28,424.14,435.21,1653416.5961
312,2020-11-08 00:00:00,435.2,460.1,431.99,454.3,840908.46841
313,2020-11-09 00:00:00,454.29,459.1,433.09,444.32,1099213.24641
314,2020-11-10 00:00:00,444.32,455.0,438.7,450.34,866872.41108
315,2020-11-11 00:00:00,450.34,476.25,449.28,463.09,1205782.84262
316,2020-11-12 00:00:00,463.09,470.0,451.2,462.39,990776.62912
317,2020-11-13 00:00:00,462.48,478.01,457.12,476.43,976665.09752
318,2020-11-14 00:00:00,476.42,477.47,452.0,460.89,735252.7854
319,2020-11-15 00:00:00,460.9,462.89,440.19,448.08,665217.56671
320,2020-11-16 00:00:00,448.07,466.0,445.45,460.55,812060.44638
321,2020-11-17 00:00:00,460.51,484.88,459.8,482.15,1151573.37456
322,2020-11-18 00:00:00,482.11,495.31,456.6,478.41,1477696.29116
323,2020-11-19 00:00:00,478.43,480.75,464.86,471.25,817418.52685
324,2020-11-20 00:00:00,471.26,514.4,470.65,510.12,1516361.90736
325,2020-11-21 00:00:00,510.12,553.32,502.82,552.35,1548851.29067
326,2020-11-22 00:00:00,552.42,580.88,511.28,560.03,1850317.93581
327,2020-11-23 00:00:00,560.03,610.85,550.12,608.58,2076008.84846
328,2020-11-24 00:00:00,608.58,623.0,585.0,604.97,1606450.49193
329,2020-11-25 00:00:00,604.98,606.0,553.83,569.5,1219440.02727
330,2020-11-26 00:00:00,569.38,577.14,481.0,519.83,2683460.74171
331,2020-11-27 00:00:00,519.83,530.62,493.72,518.68,1088064.28114
332,2020-11-28 00:00:00,518.59,547.94,506.59,537.52,900508.61431
333,2020-11-29 00:00:00,537.5,576.9,530.32,576.3,855276.46664
334,2020-11-30 00:00:00,576.32,616.85,570.07,616.66,1501989.45408
335,2020-12-01 00:00:00,616.65,635.7,560.0,585.26,2163875.81376
336,2020-12-02 00:00:00,585.26,604.93,575.0,596.89,1069538.65619
337,2020-12-03 00:00:00,596.88,623.44,585.82,615.85,935687.91723
338,2020-12-04 00:00:00,615.84,620.0,565.82,567.24,1052452.78666
339,2020-12-05 00:00:00,567.24,597.11,560.88,596.8,701567.95564
340,2020-12-06 00:00:00,596.82,607.5,583.0,601.54,602496.96339
341,2020-12-07 00:00:00,601.59,603.15,584.22,591.28,498329.37589
342,2020-12-08 00:00:00,591.27,595.0,549.22,554.94,804443.00717
343,2020-12-09 00:00:00,554.92,578.08,530.43,573.09,997192.16738
344,2020-12-10 00:00:00,573.2,575.7,548.11,558.99,608414.51466
345,2020-12-11 00:00:00,558.99,560.8,535.5,544.43,768921.78317
346,2020-12-12 00:00:00,544.46,574.0,543.1,568.04,573913.95311
347,2020-12-13 00:00:00,568.09,595.0,563.22,590.7,657794.46158
348,2020-12-14 00:00:00,590.81,591.48,575.6,586.29,493012.02706
349,2020-12-15 00:00:00,586.29,597.2,578.58,588.64,569270.52011
350,2020-12-16 00:00:00,588.78,640.0,580.71,637.18,1185588.05078
351,2020-12-17 00:00:00,637.18,676.25,625.76,642.7,2006130.01975
352,2020-12-18 00:00:00,642.71,664.61,629.4,653.85,1000012.98018
353,2020-12-19 00:00:00,653.76,669.95,645.42,658.03,858803.88459
354,2020-12-20 00:00:00,658.05,661.39,621.01,638.18,823958.22843
355,2020-12-21 00:00:00,638.1,648.0,595.9,607.58,843251.16565
356,2020-12-22 00:00:00,607.68,637.73,588.0,636.45,918851.25654
357,2020-12-23 00:00:00,636.41,638.44,551.28,585.56,1208807.36518
358,2020-12-24 00:00:00,585.48,615.02,565.43,612.31,886335.86333
359,2020-12-25 00:00:00,612.31,634.24,604.28,626.82,798009.62915
360,2020-12-26 00:00:00,626.78,652.91,615.26,637.44,958585.50647
361,2020-12-27 00:00:00,637.44,717.13,625.0,685.11,1859968.15029
362,2020-12-28 00:00:00,685.1,748.09,681.04,730.41,1627154.39266
363,2020-12-29 00:00:00,730.4,740.78,689.2,732.0,1106876.35855
364,2020-12-30 00:00:00,732.0,758.74,716.62,752.17,1008574.09906
365,2020-12-31 00:00:00,752.17,755.74,722.0,736.42,863375.57981
366,2021-01-01 00:00:00,736.42,749.0,714.29,728.91,675114.09329
367,2021-01-02 00:00:00,728.91,787.69,714.91,774.56,1352618.57668
368,2021-01-03 00:00:00,774.44,1011.07,768.71,978.28,2813603.88615
369,2021-01-04 00:00:00,978.33,1162.97,890.0,1041.43,4245010.94004
370,2021-01-05 00:00:00,1041.45,1134.6,974.45,1099.56,2706995.67525
371,2021-01-06 00:00:00,1100.16,1213.0,1057.26,1208.42,2390136.59334
372,2021-01-07 00:00:00,1208.75,1289.0,1131.0,1224.87,1972922.82059
373,2021-01-08 00:00:00,1224.86,1273.75,1065.0,1216.93,2131172.92341
374,2021-01-09 00:00:00,1216.72,1304.37,1171.36,1276.0,1448871.11514
375,2021-01-10 00:00:00,1276.0,1348.33,1170.0,1254.25,1951179.35003
376,2021-01-11 00:00:00,1254.24,1260.0,915.0,1087.01,4099450.90046
377,2021-01-12 00:00:00,1087.0,1150.02,1006.33,1050.16,2302645.34052
378,2021-01-13 00:00:00,1050.36,1137.65,987.48,1129.89,1564202.39081
379,2021-01-14 00:00:00,1129.79,1247.55,1086.7,1231.62,1555737.38556
380,2021-01-15 00:00:00,1231.89,1256.98,1069.42,1168.53,1944038.83738
381,2021-01-16 00:00:00,1168.48,1298.0,1151.77,1227.83,1575384.43797
382,2021-01-17 00:00:00,1227.83,1269.02,1165.0,1232.45,1317285.00579
383,2021-01-18 00:00:00,1232.5,1260.75,1182.58,1258.45,998050.11073
384,2021-01-19 00:00:00,1258.52,1438.3,1251.49,1365.36,2278852.55758
385,2021-01-20 00:00:00,1365.36,1407.93,1235.42,1376.99,2219137.62144
386,2021-01-21 00:00:00,1376.72,1390.0,1086.0,1110.96,2310208.57298
387,2021-01-22 00:00:00,1111.98,1273.79,1042.31,1232.62,2020593.21673
388,2021-01-23 00:00:00,1232.61,1272.44,1195.9,1233.6,1009545.08258
389,2021-01-24 00:00:00,1233.46,1398.83,1220.0,1392.51,1510879.53817
390,2021-01-25 00:00:00,1392.19,1475.0,1293.69,1317.88,1885441.31289
391,2021-01-26 00:00:00,1317.6,1378.49,1244.56,1365.97,1682923.65799
392,2021-01-27 00:00:00,1366.54,1373.9,1207.0,1239.03,2009772.08358
393,2021-01-28 00:00:00,1238.93,1360.0,1217.23,1329.69,1365269.71962
394,2021-01-29 00:00:00,1329.44,1436.9,1285.35,1379.5,2253963.18682
395,2021-01-30 00:00:00,1379.56,1406.0,1326.41,1378.05,1040042.2363
396,2021-01-31 00:00:00,1378.04,1380.74,1281.12,1312.55,958704.85571
397,2021-02-01 00:00:00,1312.45,1377.99,1269.99,1374.17,1096397.91862
398,2021-02-02 00:00:00,1374.09,1547.9,1360.28,1511.87,1944227.99878
399,2021-02-03 00:00:00,1511.93,1669.35,1508.39,1664.49,1535869.88801
400,2021-02-04 00:00:00,1664.67,1695.2,1554.44,1595.67,1646502.32962
401,2021-02-05 00:00:00,1595.53,1760.49,1591.0,1719.19,1194123.29946
402,2021-02-06 00:00:00,1718.95,1743.67,1642.94,1676.35,1149808.33101
403,2021-02-07 00:00:00,1676.35,1693.0,1490.46,1611.62,1281734.86814
404,2021-02-08 00:00:00,1611.46,1775.57,1563.89,1750.15,1339777.09536
405,2021-02-09 00:00:00,1749.68,1821.88,1708.49,1769.13,1185071.89593
406,2021-02-10 00:00:00,1769.14,1837.86,1680.0,1740.78,1219932.25474
407,2021-02-11 00:00:00,1740.76,1819.0,1703.44,1785.62,735079.82699
408,2021-02-12 00:00:00,1785.83,1864.88,1739.88,1840.26,909600.20653
409,2021-02-13 00:00:00,1840.24,1871.72,1765.0,1814.96,767589.07285
410,2021-02-14 00:00:00,1815.25,1850.0,1784.11,1800.42,675261.77873
411,2021-02-15 00:00:00,1800.03,1835.72,1655.67,1779.25,1053474.57879
412,2021-02-16 00:00:00,1779.33,1827.28,1724.0,1781.99,817493.47513
413,2021-02-17 00:00:00,1781.99,1855.0,1733.01,1849.88,795711.63311
414,2021-02-18 00:00:00,1849.7,1950.5,1849.69,1939.61,937227.10191
415,2021-02-19 00:00:00,1938.91,1972.82,1891.0,1955.0,793404.4115
416,2021-02-20 00:00:00,1955.46,2042.34,1803.14,1913.0,1261315.81279
417,2021-02-21 00:00:00,1912.9,1976.31,1883.01,1933.53,756568.19743
418,2021-02-22 00:00:00,1933.54,1936.29,1551.0,1777.58,1807244.98099
419,2021-02-23 00:00:00,1777.42,1782.39,1355.0,1577.89,2547837.82068
420,2021-02-24 00:00:00,1577.79,1712.7,1500.2,1623.39,1384388.81727
421,2021-02-25 00:00:00,1623.16,1671.59,1459.16,1481.75,1032670.79409
422,2021-02-26 00:00:00,1482.08,1562.25,1400.0,1444.59,1355973.29378
423,2021-02-27 00:00:00,1444.56,1529.0,1425.0,1458.13,927423.0475
424,2021-02-28 00:00:00,1458.27,1468.75,1293.18,1419.18,1410207.56284
425,2021-03-01 00:00:00,1418.67,1572.0,1409.91,1569.86,1094695.17839
426,2021-03-02 00:00:00,1570.0,1602.9,1455.52,1486.78,1061142.38743
427,2021-03-03 00:00:00,1486.79,1656.94,1475.47,1567.69,1054846.31471
428,2021-03-04 00:00:00,1567.68,1624.87,1506.36,1539.23,946365.67088
429,2021-03-05 00:00:00,1539.22,1548.96,1441.66,1528.31,910786.28976
430,2021-03-06 00:00:00,1528.08,1671.58,1513.03,1650.35,1013300.93928
431,2021-03-07 00:00:00,1650.68,1734.16,1630.35,1726.16,848470.78136
432,2021-03-08 00:00:00,1726.46,1843.59,1664.96,1833.18,1149711.39987
433,2021-03-09 00:00:00,1833.22,1870.77,1798.2,1870.51,857229.47855
434,2021-03-10 00:00:00,1870.5,1877.69,1757.0,1795.12,937230.62831
435,2021-03-11 00:00:00,1795.28,1846.7,1725.0,1825.78,909011.4961
436,2021-03-12 00:00:00,1825.78,1841.88,1719.72,1766.1,869564.6361
437,2021-03-13 00:00:00,1766.13,1944.3,1727.75,1922.35,926283.22642
438,2021-03-14 00:00:00,1922.35,1933.1,1836.0,1848.1,637963.63627
439,2021-03-15 00:00:00,1848.1,1891.76,1730.0,1793.48,1025326.79658
440,2021-03-16 00:00:00,1793.99,1819.5,1711.68,1805.12,764993.40147
441,2021-03-17 00:00:00,1805.01,1838.88,1741.18,1823.58,658349.44843
442,2021-03-18 00:00:00,1823.58,1850.0,1759.04,1776.08,603721.61056
443,2021-03-19 00:00:00,1775.92,1840.61,1733.47,1809.1,500258.42875
444,2021-03-20 00:00:00,1809.01,1868.83,1800.86,1806.1,451556.10639
445,2021-03-21 00:00:00,1806.57,1817.16,1747.0,1782.98,465953.98749
446,2021-03-22 00:00:00,1783.23,1807.51,1655.15,1680.97,582727.49081
447,2021-03-23 00:00:00,1681.17,1721.17,1650.0,1668.08,577213.99589
448,2021-03-24 00:00:00,1668.2,1740.86,1536.92,1581.84,753834.52393
449,2021-03-25 00:00:00,1581.88,1622.0,1549.4,1585.74,701697.00258
450,2021-03-26 00:00:00,1585.83,1699.93,1585.79,1698.84,515470.92907
451,2021-03-27 00:00:00,1698.84,1732.67,1666.41,1712.63,443845.49957
452,2021-03-28 00:00:00,1712.52,1725.66,1661.4,1687.01,348895.51314
453,2021-03-29 00:00:00,1687.16,1841.0,1677.85,1816.74,647724.46387
454,2021-03-30 00:00:00,1816.76,1859.13,1786.3,1840.46,568842.00526
455,2021-03-31 00:00:00,1840.41,1947.29,1768.15,1919.37,746995.8591
456,2021-04-01 00:00:00,1919.37,1984.77,1885.02,1968.05,741585.07266
457,2021-04-02 00:00:00,1968.05,2146.0,1948.48,2133.69,846197.93215
458,2021-04-03 00:00:00,2133.69,2138.12,1996.3,2008.52,770176.32192
459,2021-04-04 00:00:00,2008.59,2091.83,1975.24,2075.69,514345.76554
460,2021-04-05 00:00:00,2075.7,2130.64,2002.15,2107.38,684923.61494
461,2021-04-06 00:00:00,2107.43,2151.0,2044.65,2112.21,673386.05575
462,2021-04-07 00:00:00,2112.22,2129.01,1930.01,1963.47,892984.90422
463,2021-04-08 00:00:00,1963.46,2084.61,1947.35,2080.46,501355.998
464,2021-04-09 00:00:00,2080.39,2100.0,2047.57,2066.87,426387.4379
465,2021-04-10 00:00:00,2067.19,2200.0,2058.0,2133.49,655458.20894
466,2021-04-11 00:00:00,2133.49,2165.02,2113.4,2151.36,392265.50773
467,2021-04-12 00:00:00,2151.42,2203.46,2102.0,2137.69,579093.35694
468,2021-04-13 00:00:00,2137.86,2318.0,2135.53,2299.19,782608.6209
469,2021-04-14 00:00:00,2299.19,2447.29,2281.33,2432.6,972931.60866
470,2021-04-15 00:00:00,2432.59,2543.47,2400.0,2514.04,681950.96645
471,2021-04-16 00:00:00,2514.04,2548.29,2300.0,2422.67,999163.75205
472,2021-04-17 00:00:00,2422.38,2495.0,2310.0,2317.6,624232.25568
473,2021-04-18 00:00:00,2317.65,2340.0,1946.8,2235.64,1475383.69204
474,2021-04-19 00:00:00,2235.65,2300.0,2080.0,2161.12,820592.26555
475,2021-04-20 00:00:00,2161.12,2346.62,2055.0,2330.03,992240.809
476,2021-04-21 00:00:00,2330.26,2469.54,2235.16,2357.06,1177885.8617
477,2021-04-22 00:00:00,2357.06,2644.47,2303.44,2397.94,2220753.09746
478,2021-04-23 00:00:00,2397.94,2442.89,2107.0,2367.39,2532242.44185
479,2021-04-24 00:00:00,2367.39,2368.74,2154.8,2213.35,997688.94623
480,2021-04-25 00:00:00,2214.08,2356.64,2168.0,2320.49,857517.38218
481,2021-04-26 00:00:00,2320.44,2542.8,2303.64,2532.6,1076469.01367
482,2021-04-27 00:00:00,2532.06,2680.0,2480.29,2666.13,771728.46451
483,2021-04-28 00:00:00,2666.13,2760.0,2559.44,2748.24,999383.1852
484,2021-04-29 00:00:00,2748.23,2798.0,2668.0,2757.04,863890.01069
485,2021-04-30 00:00:00,2757.04,2798.3,2723.09,2772.42,695339.20482
486,2021-05-01 00:00:00,2772.42,2954.28,2743.41,2944.77,690260.07741
487,2021-05-02 00:00:00,2944.83,2985.0,2852.26,2949.56,571982.5445
488,2021-05-03 00:00:00,2949.33,3454.0,2949.32,3431.04,1329088.0628
489,2021-05-04 00:00:00,3431.04,3527.0,3160.0,3239.01,1826039.38558
490,2021-05-05 00:00:00,3239.01,3549.34,3200.23,3524.26,1174816.73588
491,2021-05-06 00:00:00,3524.33,3605.4,3376.47,3489.73,920592.57706
492,2021-05-07 00:00:00,3489.74,3587.0,3353.23,3479.53,760544.64781
493,2021-05-08 00:00:00,3479.79,3958.33,3449.27,3910.26,1130467.54852
494,2021-05-09 00:00:00,3910.26,3983.65,3726.08,3923.95,1000401.0082
495,2021-05-10 00:00:00,3923.95,4208.0,3650.0,3945.88,1505897.92612
496,2021-05-11 00:00:00,3946.63,4180.22,3771.64,4173.45,1095927.10403
497,2021-05-12 00:00:00,4173.46,4372.72,3701.58,3823.21,1601842.74017
498,2021-05-13 00:00:00,3810.15,4034.77,3500.0,3717.91,2068708.17427
499,2021-05-14 00:00:00,3717.92,4173.28,3691.35,4075.01,1153390.42631
500,2021-05-15 00:00:00,4075.02,4134.05,3632.0,3646.68,1039174.88082
501,2021-05-16 00:00:00,3646.24,3879.0,3343.06,3582.1,1324065.65875
502,2021-05-17 00:00:00,3581.81,3587.06,3102.0,3282.51,1904012.43998
503,2021-05-18 00:00:00,3282.25,3565.71,3240.0,3375.07,1287110.84143
504,2021-05-19 00:00:00,3375.08,3441.73,1888.0,2438.92,4309836.31939
505,2021-05-20 00:00:00,2438.92,2990.05,2155.0,2768.62,2942777.9301
506,2021-05-21 00:00:00,2767.87,2938.54,2101.0,2430.98,2727031.93514
507,2021-05-22 00:00:00,2430.98,2485.0,2145.0,2294.87,1684318.01157
508,2021-05-23 00:00:00,2295.45,2381.57,1728.74,2096.39,2914548.73125
509,2021-05-24 00:00:00,2096.63,2675.0,2079.94,2648.43,2186632.92245
510,2021-05-25 00:00:00,2647.92,2750.0,2378.54,2705.11,2115349.50445
511,2021-05-26 00:00:00,2705.1,2910.0,2643.0,2884.94,1583799.59251
512,2021-05-27 00:00:00,2884.82,2889.74,2633.68,2742.23,1099029.91206
513,2021-05-28 00:00:00,2742.23,2762.45,2327.38,2412.1,1554584.61362
514,2021-05-29 00:00:00,2412.34,2574.27,2204.1,2278.74,1379427.18851
515,2021-05-30 00:00:00,2278.74,2476.42,2180.53,2385.98,1151113.19883
516,2021-05-31 00:00:00,2385.82,2720.0,2271.44,2706.15,1307958.04068
517,2021-06-01 00:00:00,2706.15,2740.0,2523.74,2634.57,1179577.10806
518,2021-06-02 00:00:00,2634.31,2802.99,2550.0,2706.22,970070.53563
519,2021-06-03 00:00:00,2706.21,2891.95,2662.4,2857.25,1024290.89423
520,2021-06-04 00:00:00,2857.25,2860.0,2552.0,2689.51,1188314.11191
521,2021-06-05 00:00:00,2689.54,2816.87,2552.23,2627.73,961824.12413
522,2021-06-06 00:00:00,2627.63,2745.0,2614.0,2711.92,673792.69369
523,2021-06-07 00:00:00,2711.92,2847.55,2570.0,2592.05,1152128.07856
524,2021-06-08 00:00:00,2592.05,2620.99,2304.91,2507.23,1693747.42759
525,2021-06-09 00:00:00,2507.43,2626.63,2405.28,2610.18,1276718.24011
526,2021-06-10 00:00:00,2610.2,2624.46,2425.11,2471.09,741237.49926
527,2021-06-11 00:00:00,2471.01,2497.99,2321.37,2354.01,587364.27358
528,2021-06-12 00:00:00,2354.09,2454.53,2256.22,2370.74,767439.4984
529,2021-06-13 00:00:00,2370.64,2548.41,2308.41,2509.33,715948.75986
530,2021-06-14 00:00:00,2509.33,2609.17,2461.0,2580.77,684183.55622
531,2021-06-15 00:00:00,2580.58,2640.0,2507.7,2543.54,599826.64933
532,2021-06-16 00:00:00,2543.55,2556.19,2351.18,2367.89,624741.78358
533,2021-06-17 00:00:00,2368.02,2460.5,2306.0,2373.28,560667.58566
534,2021-06-18 00:00:00,2373.28,2378.0,2139.0,2234.09,778905.20197
535,2021-06-19 00:00:00,2234.09,2278.82,2161.67,2164.67,496872.24997
536,2021-06-20 00:00:00,2165.34,2280.01,2040.68,2243.47,743883.64741
537,2021-06-21 00:00:00,2243.49,2260.16,1865.54,1885.49,1629819.66576
538,2021-06-22 00:00:00,1885.27,1998.0,1700.48,1879.28,1695338.08052
539,2021-06-23 00:00:00,1879.29,2045.0,1821.95,1968.14,918612.30494
540,2021-06-24 00:00:00,1967.95,2036.61,1884.79,1989.52,701231.67478
541,2021-06-25 00:00:00,1989.53,2019.99,1791.22,1808.82,858808.54767
542,2021-06-26 00:00:00,1808.97,1852.8,1717.32,1829.64,832315.14904
543,2021-06-27 00:00:00,1829.84,1984.5,1804.26,1982.28,696055.79307
544,2021-06-28 00:00:00,1982.27,2145.0,1960.52,2084.41,1044244.68308
545,2021-06-29 00:00:00,2084.42,2245.0,2073.57,2165.33,831257.23277
546,2021-06-30 00:00:00,2165.46,2287.78,2087.99,2275.68,910583.6032
547,2021-07-01 00:00:00,2275.68,2275.93,2073.12,2106.41,787865.25137
548,2021-07-02 00:00:00,2106.41,2160.0,2018.5,2154.13,672282.37476
549,2021-07-03 00:00:00,2153.95,2240.0,2112.01,2226.99,569264.801
550,2021-07-04 00:00:00,2226.99,2389.93,2189.58,2322.69,590656.25069
551,2021-07-05 00:00:00,2322.69,2324.64,2157.32,2196.53,781806.31605
552,2021-07-06 00:00:00,2196.85,2350.0,2193.0,2322.5,785330.17152
553,2021-07-07 00:00:00,2322.51,2409.0,2291.9,2316.57,666501.35572
554,2021-07-08 00:00:00,2316.25,2325.6,2084.79,2116.33,880265.04124
555,2021-07-09 00:00:00,2116.32,2189.4,2046.51,2146.99,738611.36304
556,2021-07-10 00:00:00,2146.99,2194.82,2074.16,2110.69,499071.85904
557,2021-07-11 00:00:00,2110.68,2174.0,2081.02,2140.45,342294.40302
558,2021-07-12 00:00:00,2140.54,2167.83,2006.68,2031.58,540630.10742
559,2021-07-13 00:00:00,2031.57,2047.35,1918.0,1940.15,647388.24969
560,2021-07-14 00:00:00,1940.44,2019.18,1865.0,1994.58,690505.60937
561,2021-07-15 00:00:00,1994.41,2042.88,1881.0,1919.51,645271.32563
562,2021-07-16 00:00:00,1919.54,1965.0,1850.0,1876.26,577068.89724
563,2021-07-17 00:00:00,1876.47,1919.19,1844.45,1899.59,430300.51578
564,2021-07-18 00:00:00,1899.5,1993.79,1877.1,1891.64,534837.63654
565,2021-07-19 00:00:00,1891.65,1919.0,1805.0,1818.73,547419.93771
566,2021-07-20 00:00:00,1818.73,1841.34,1706.0,1786.03,786257.272
567,2021-07-21 00:00:00,1786.03,2035.23,1747.55,1995.5,1115949.82033
568,2021-07-22 00:00:00,1995.5,2046.0,1947.62,2024.56,768854.3659
569,2021-07-23 00:00:00,2024.27,2130.9,1993.22,2124.25,708160.91322
570,2021-07-24 00:00:00,2124.26,2199.5,2105.58,2184.75,633075.18592
571,2021-07-25 00:00:00,2184.9,2197.41,2105.93,2189.79,535630.27
572,2021-07-26 00:00:00,2189.82,2433.65,2171.57,2228.08,1393738.163
573,2021-07-27 00:00:00,2227.81,2319.26,2150.5,2299.49,906359.23478
574,2021-07-28 00:00:00,2299.47,2345.0,2243.15,2300.9,718202.57727
575,2021-07-29 00:00:00,2300.9,2400.0,2266.12,2382.92,499364.83496
576,2021-07-30 00:00:00,2382.93,2471.7,2315.92,2461.81,762577.28797
577,2021-07-31 00:00:00,2461.77,2553.86,2420.68,2531.05,507601.05026
578,2021-08-01 00:00:00,2531.1,2697.61,2511.24,2555.69,853495.94078
579,2021-08-02 00:00:00,2555.5,2666.0,2507.0,2606.93,726701.84952
580,2021-08-03 00:00:00,2606.92,2632.44,2442.32,2509.04,792960.84375
581,2021-08-04 00:00:00,2508.51,2772.71,2457.68,2724.78,954590.7536
582,2021-08-05 00:00:00,2724.55,2843.98,2529.91,2826.99,1307720.20654
583,2021-08-06 00:00:00,2827.01,2946.75,2720.06,2891.58,825399.48637
584,2021-08-07 00:00:00,2891.54,3171.0,2865.5,3160.31,1205277.10095
585,2021-08-08 00:00:00,3160.48,3189.99,2949.03,3011.85,966349.70579
586,2021-08-09 00:00:00,3011.84,3186.0,2893.23,3160.52,1129584.61614
587,2021-08-10 00:00:00,3160.51,3233.0,3051.22,3141.66,880675.74443
588,2021-08-11 00:00:00,3141.14,3274.0,3120.27,3160.5,732546.60433
589,2021-08-12 00:00:00,3160.4,3239.0,2979.29,3045.96,737628.45808
590,2021-08-13 00:00:00,3046.11,3327.83,3033.8,3322.32,579333.40323
591,2021-08-14 00:00:00,3322.33,3330.98,3200.0,3263.16,486102.53787
592,2021-08-15 00:00:00,3263.16,3320.0,3111.13,3307.09,565579.67765
593,2021-08-16 00:00:00,3307.35,3335.0,3135.22,3146.53,635667.05422
594,2021-08-17 00:00:00,3147.18,3290.0,2991.89,3011.72,804996.06971
595,2021-08-18 00:00:00,3011.73,3125.81,2950.0,3014.55,625103.25568
596,2021-08-19 00:00:00,3014.18,3188.0,2958.33,3184.12,634769.92174
597,2021-08-20 00:00:00,3184.11,3300.0,3177.16,3284.82,558127.4554
598,2021-08-21 00:00:00,3284.81,3309.16,3207.0,3223.43,421156.09084
599,2021-08-22 00:00:00,3223.36,3272.0,3126.42,3238.0,406479.07654
600,2021-08-23 00:00:00,3238.0,3377.89,3230.02,3321.28,602103.44614
601,2021-08-24 00:00:00,3321.28,3357.85,3147.31,3170.62,540480.07853
602,2021-08-25 00:00:00,3170.63,3248.0,3080.0,3226.87,483697.69444
603,2021-08-26 00:00:00,3226.88,3250.0,3053.3,3093.2,442298.47372
604,2021-08-27 00:00:00,3093.06,3280.0,3060.18,3273.45,451027.80711
605,2021-08-28 00:00:00,3273.89,3287.0,3210.31,3244.48,262360.34921
606,2021-08-29 00:00:00,3244.75,3285.0,3152.34,3223.47,335806.7827
607,2021-08-30 00:00:00,3223.47,3347.95,3143.0,3229.64,625347.27541
608,2021-08-31 00:00:00,3229.14,3476.0,3188.77,3429.2,863071.13092
609,2021-09-01 00:00:00,3429.19,3842.0,3382.22,3826.82,845759.95868
610,2021-09-02 00:00:00,3826.82,3836.8,3717.04,3785.82,525165.7996
611,2021-09-03 00:00:00,3785.82,4027.88,3705.05,3938.11,655903.75739
612,2021-09-04 00:00:00,3938.11,3970.0,3832.5,3885.52,364478.1193
613,2021-09-05 00:00:00,3885.61,3980.0,3830.0,3950.29,365759.8597
614,2021-09-06 00:00:00,3950.28,3970.0,3864.3,3926.77,397768.5783
615,2021-09-07 00:00:00,3926.67,3947.15,3005.0,3434.57,1203536.00209
616,2021-09-08 00:00:00,3434.84,3560.0,3215.16,3499.0,780611.7657
617,2021-09-09 00:00:00,3499.01,3567.06,3390.4,3424.93,628553.8831
618,2021-09-10 00:00:00,3424.94,3514.11,3150.0,3208.86,633026.2659
619,2021-09-11 00:00:00,3208.85,3348.37,3200.0,3267.21,413524.1761
620,2021-09-12 00:00:00,3267.1,3474.16,3231.1,3404.21,408858.9595
621,2021-09-13 00:00:00,3404.3,3430.3,3108.49,3285.35,647855.7199
622,2021-09-14 00:00:00,3285.09,3437.05,3269.95,3434.37,373634.9026
623,2021-09-15 00:00:00,3434.37,3616.16,3357.78,3613.55,428507.5278
624,2021-09-16 00:00:00,3613.55,3676.28,3481.14,3567.98,467985.4919
625,2021-09-17 00:00:00,3567.97,3594.17,3350.07,3399.81,398888.3705
626,2021-09-18 00:00:00,3399.89,3541.96,3368.88,3435.64,315162.7627
627,2021-09-19 00:00:00,3435.64,3456.53,3277.74,3328.62,312948.0013
628,2021-09-20 00:00:00,3328.57,3347.82,2913.39,2977.28,917939.57849
629,2021-09-21 00:00:00,2977.32,3105.83,2652.0,2765.9,971519.88941
630,2021-09-22 00:00:00,2766.72,3088.88,2737.54,3076.92,677457.64825
631,2021-09-23 00:00:00,3076.92,3174.5,3033.85,3152.5,459293.8858
632,2021-09-24 00:00:00,3152.41,3158.52,2733.0,2928.53,932090.8856
633,2021-09-25 00:00:00,2928.22,2967.52,2801.57,2921.73,491974.0226
634,2021-09-26 00:00:00,2921.84,3115.51,2738.17,3059.37,703594.478
635,2021-09-27 00:00:00,3059.36,3164.94,2922.71,2925.59,510130.7319
636,2021-09-28 00:00:00,2924.76,2970.82,2789.0,2804.91,511325.4643
637,2021-09-29 00:00:00,2805.15,2950.0,2782.0,2850.45,411305.0893
638,2021-09-30 00:00:00,2850.45,3048.42,2837.19,3000.61,506896.7612
639,2021-10-01 00:00:00,3000.62,3330.0,2969.07,3309.91,648714.6151
640,2021-10-02 00:00:00,3309.91,3469.0,3257.0,3387.76,422551.1811
641,2021-10-03 00:00:00,3387.77,3488.0,3342.51,3417.73,360586.8905
642,2021-10-04 00:00:00,3417.73,3437.19,3270.0,3386.31,485204.642
643,2021-10-05 00:00:00,3386.31,3545.0,3363.78,3515.27,393900.8818
644,2021-10-06 00:00:00,3515.48,3632.11,3342.0,3574.89,618265.5402
645,2021-10-07 00:00:00,3574.88,3653.98,3470.8,3587.47,486102.3591
646,2021-10-08 00:00:00,3587.47,3695.0,3532.0,3563.13,403597.1437
647,2021-10-09 00:00:00,3563.13,3635.0,3538.07,3574.82,361906.7514
648,2021-10-10 00:00:00,3574.83,3604.0,3405.0,3414.22,580223.6302
649,2021-10-11 00:00:00,3414.22,3623.8,3371.0,3542.12,493521.882
650,2021-10-12 00:00:00,3542.12,3547.11,3403.21,3491.46,409377.1918
651,2021-10-13 00:00:00,3491.43,3613.0,3412.7,3607.42,393463.1222
652,2021-10-14 00:00:00,3607.41,3824.0,3586.04,3790.82,481894.1473
653,2021-10-15 00:00:00,3790.82,3907.77,3734.1,3868.99,504321.732
654,2021-10-16 00:00:00,3868.38,3971.0,3803.56,3829.96,373727.8549
655,2021-10-17 00:00:00,3829.96,3919.19,3640.0,3846.85,368898.9831
656,2021-10-18 00:00:00,3847.0,3893.14,3676.0,3744.96,401819.9734
657,2021-10-19 00:00:00,3744.96,3886.89,3732.0,3877.03,341268.3723
658,2021-10-20 00:00:00,3876.98,4169.0,3828.05,4161.15,537383.09732
659,2021-10-21 00:00:00,4161.37,4375.0,4013.13,4052.99,798566.55805
660,2021-10-22 00:00:00,4053.0,4167.41,3888.0,3972.2,463222.5428
661,2021-10-23 00:00:00,3972.19,4172.0,3937.51,4167.12,326576.9601
662,2021-10-24 00:00:00,4167.13,4186.57,3961.5,4082.33,350115.8386
663,2021-10-25 00:00:00,4082.33,4236.0,4067.71,4220.37,347438.6534
664,2021-10-26 00:00:00,4220.36,4297.0,4090.21,4131.52,414498.1599
665,2021-10-27 00:00:00,4131.52,4307.0,3909.0,3922.0,704604.25
666,2021-10-28 00:00:00,3921.99,4295.0,3890.17,4286.02,626378.5055
667,2021-10-29 00:00:00,4286.01,4460.47,4265.97,4418.89,559231.07691
668,2021-10-30 00:00:00,4418.89,4434.06,4232.2,4322.68,340223.069
669,2021-10-31 00:00:00,4322.68,4399.14,4164.35,4287.21,412856.2893
670,2021-11-01 00:00:00,4287.48,4386.58,4146.3,4319.43,417620.7073
671,2021-11-02 00:00:00,4319.43,4599.6,4284.43,4589.89,468184.79301
672,2021-11-03 00:00:00,4589.68,4665.87,4455.0,4603.35,448658.35125
673,2021-11-04 00:00:00,4603.35,4606.65,4420.08,4532.32,368218.25695
674,2021-11-05 00:00:00,4532.31,4570.05,4438.8,4474.24,305651.7244
675,2021-11-06 00:00:00,4474.24,4530.0,4326.17,4518.0,322154.0973
676,2021-11-07 00:00:00,4518.0,4637.98,4502.37,4612.59,243596.5952
677,2021-11-08 00:00:00,4612.59,4822.97,4612.0,4807.98,391102.31806
678,2021-11-09 00:00:00,4807.98,4838.28,4713.89,4732.33,311267.57998
679,2021-11-10 00:00:00,4732.33,4868.0,4461.93,4628.78,553596.99163
680,2021-11-11 00:00:00,4628.68,4779.0,4576.47,4719.0,303688.9765
681,2021-11-12 00:00:00,4719.0,4809.71,4507.85,4665.46,461580.0415
682,2021-11-13 00:00:00,4665.47,4707.6,4584.08,4644.28,220720.6611
683,2021-11-14 00:00:00,4644.27,4696.05,4514.12,4626.5,245309.0674
684,2021-11-15 00:00:00,4626.5,4772.01,4540.0,4563.78,375421.6601
685,2021-11-16 00:00:00,4563.77,4563.77,4103.0,4209.76,735857.063
686,2021-11-17 00:00:00,4209.59,4299.91,4063.48,4287.8,472852.1842
687,2021-11-18 00:00:00,4288.07,4344.81,3956.44,3996.9,576945.1837
688,2021-11-19 00:00:00,3996.9,4308.97,3973.01,4294.76,420045.0897
689,2021-11-20 00:00:00,4294.75,4435.88,4199.86,4412.17,365584.578
690,2021-11-21 00:00:00,4412.17,4451.0,4242.41,4258.31,340206.3203
691,2021-11-22 00:00:00,4259.7,4320.0,4022.74,4085.97,518501.3338
692,2021-11-23 00:00:00,4086.28,4385.59,4059.62,4339.44,502811.7902
693,2021-11-24 00:00:00,4339.45,4373.94,4167.65,4269.36,448727.0306
694,2021-11-25 00:00:00,4270.1,4550.0,4248.27,4524.85,445868.2434
695,2021-11-26 00:00:00,4524.48,4551.0,3913.0,4041.2,720245.1612
696,2021-11-27 00:00:00,4041.2,4183.66,4028.34,4095.29,275326.5202
697,2021-11-28 00:00:00,4095.29,4298.51,3964.0,4294.78,346471.3551
698,2021-11-29 00:00:00,4294.77,4458.92,4276.89,4444.53,406881.2284
699,2021-11-30 00:00:00,4444.54,4753.0,4346.36,4630.26,743024.4662
700,2021-12-01 00:00:00,4630.25,4778.75,4523.99,4582.95,508198.3105
701,2021-12-02 00:00:00,4582.95,4634.83,4433.0,4511.21,451861.9545
702,2021-12-03 00:00:00,4511.35,4654.88,4032.5,4215.73,677974.8659
703,2021-12-04 00:00:00,4215.01,4238.59,3503.68,4117.25,1111773.1451
704,2021-12-05 00:00:00,4117.25,4248.19,4031.39,4196.44,536325.4413
705,2021-12-06 00:00:00,4196.44,4376.15,3921.0,4347.59,726742.9638
706,2021-12-07 00:00:00,4347.57,4425.0,4255.92,4306.4,420749.751
707,2021-12-08 00:00:00,4306.4,4450.49,4222.95,4436.91,429403.9351
708,2021-12-09 00:00:00,4436.91,4488.0,4076.16,4105.64,462173.711
709,2021-12-10 00:00:00,4105.64,4231.08,3887.37,3897.94,563236.5671
710,2021-12-11 00:00:00,3898.31,4097.08,3828.22,4089.37,427853.4343
711,2021-12-12 00:00:00,4089.68,4173.63,3986.25,4130.0,260535.5157
712,2021-12-13 00:00:00,4130.0,4142.75,3671.45,3781.93,533467.2307
713,2021-12-14 00:00:00,3781.92,3882.74,3685.0,3858.99,395145.7462
714,2021-12-15 00:00:00,3858.99,4092.22,3643.73,4019.08,542068.0573
715,2021-12-16 00:00:00,4019.54,4113.43,3942.11,3958.11,368780.031
716,2021-12-17 00:00:00,3959.11,3994.1,3700.0,3875.42,463370.9225
717,2021-12-18 00:00:00,3875.43,3996.93,3767.01,3959.93,339593.2543
718,2021-12-19 00:00:00,3959.93,4032.43,3884.0,3924.14,306006.323
719,2021-12-20 00:00:00,3924.14,3983.37,3753.0,3944.73,366916.4771
720,2021-12-21 00:00:00,3944.72,4063.0,3913.21,4014.15,340826.3553
721,2021-12-22 00:00:00,4014.41,4074.87,3933.4,3979.51,303191.8076
722,2021-12-23 00:00:00,3979.51,4150.0,3893.23,4111.41,380207.8166
723,2021-12-24 00:00:00,4111.41,4134.84,4017.17,4046.36,230833.1661
724,2021-12-25 00:00:00,4046.35,4137.91,4018.62,4094.83,208126.8805
725,2021-12-26 00:00:00,4094.36,4105.0,4000.0,4063.56,189309.255
726,2021-12-27 00:00:00,4063.57,4127.46,4031.0,4037.23,222225.3761
727,2021-12-28 00:00:00,4037.22,4037.23,3759.36,3792.75,358064.7163
728,2021-12-29 00:00:00,3792.75,3827.78,3604.2,3630.19,302753.6375
729,2021-12-30 00:00:00,3630.18,3769.1,3585.0,3709.27,249263.7305
730,2021-12-31 00:00:00,3709.27,3815.0,3622.29,3676.23,268014.2942
731,2022-01-01 00:00:00,3676.22,3776.45,3673.46,3765.54,154143.8968
732,2022-01-02 00:00:00,3765.54,3857.44,3717.3,3828.27,154791.4263
733,2022-01-03 00:00:00,3828.11,3853.09,3680.0,3765.89,236245.8586
734,2022-01-04 00:00:00,3765.89,3900.73,3713.11,3785.11,288258.5549
735,2022-01-05 00:00:00,3785.1,3848.0,3415.0,3540.63,397942.0363
736,2022-01-06 00:00:00,3539.82,3550.43,3300.0,3406.81,496745.7413
737,2022-01-07 00:00:00,3406.81,3416.76,3064.42,3199.24,669631.7262
738,2022-01-08 00:00:00,3198.68,3250.0,3000.0,3080.95,400692.1061
739,2022-01-09 00:00:00,3080.98,3211.72,3057.35,3151.97,275874.1643
740,2022-01-10 00:00:00,3151.97,3185.0,2928.83,3082.68,529818.3866
741,2022-01-11 00:00:00,3082.87,3263.54,3051.8,3239.72,362446.7087
742,2022-01-12 00:00:00,3239.73,3411.43,3206.2,3371.26,370465.8015
743,2022-01-13 00:00:00,3371.6,3410.0,3233.43,3240.61,336234.8799
744,2022-01-14 00:00:00,3240.61,3342.79,3188.0,3307.42,285326.3505
745,2022-01-15 00:00:00,3307.42,3371.64,3261.0,3326.04,203100.3778
746,2022-01-16 00:00:00,3326.51,3393.6,3269.62,3346.88,210782.2277
747,2022-01-17 00:00:00,3346.89,3357.57,3141.1,3209.67,284063.6548
748,2022-01-18 00:00:00,3209.68,3243.87,3082.0,3159.85,299134.2728
749,2022-01-19 00:00:00,3159.85,3174.87,3000.0,3084.02,332996.5703
750,2022-01-20 00:00:00,3084.02,3273.37,2987.15,3001.48,357596.7062
751,2022-01-21 00:00:00,3001.48,3034.12,2403.0,2568.15,1022021.70024
752,2022-01-22 00:00:00,2567.47,2626.0,2300.0,2412.18,1081357.54893
753,2022-01-23 00:00:00,2412.18,2556.78,2370.8,2539.01,580497.7613
754,2022-01-24 00:00:00,2539.0,2539.75,2159.0,2439.29,1123134.70389
755,2022-01-25 00:00:00,2439.56,2506.55,2348.96,2458.83,510152.954
756,2022-01-26 00:00:00,2459.04,2722.0,2402.03,2462.99,806441.62289
757,2022-01-27 00:00:00,2463.0,2521.0,2316.43,2424.25,599481.7159
758,2022-01-28 00:00:00,2424.02,2558.98,2357.88,2544.99,485149.8065
759,2022-01-29 00:00:00,2544.99,2636.66,2520.01,2601.43,376666.8246
760,2022-01-30 00:00:00,2601.43,2640.0,2542.5,2601.68,290770.0859
761,2022-01-31 00:00:00,2601.67,2706.77,2476.07,2686.94,444584.851
762,2022-02-01 00:00:00,2686.94,2813.0,2673.52,2787.23,390034.27362
763,2022-02-02 00:00:00,2787.48,2810.88,2612.72,2680.67,447852.1228
764,2022-02-03 00:00:00,2680.25,2726.64,2576.05,2695.46,405043.3931
765,2022-02-04 00:00:00,2695.21,2995.0,2671.4,2994.99,664002.9328
766,2022-02-05 00:00:00,2994.99,3060.47,2958.01,3012.65,356803.3071
767,2022-02-06 00:00:00,3012.64,3074.56,2950.21,3054.99,249394.5966
768,2022-02-07 00:00:00,3055.0,3186.0,2991.8,3139.77,455070.2529
769,2022-02-08 00:00:00,3139.77,3232.87,3025.21,3116.69,514773.5837
770,2022-02-09 00:00:00,3116.69,3269.7,3055.0,3243.94,370267.8913
771,2022-02-10 00:00:00,3243.6,3283.66,3056.74,3072.49,578212.8383
772,2022-02-11 00:00:00,3072.36,3138.62,2879.0,2927.54,462025.8751
773,2022-02-12 00:00:00,2927.54,2985.98,2858.3,2918.88,336250.3131
774,2022-02-13 00:00:00,2918.58,2954.4,2836.7,2871.13,242751.3547
775,2022-02-14 00:00:00,2871.14,2964.97,2829.01,2929.75,381778.238
776,2022-02-15 00:00:00,2929.75,3196.19,2912.06,3183.52,448971.754
777,2022-02-16 00:00:00,3183.53,3186.77,3044.03,3122.3,319997.6244
778,2022-02-17 00:00:00,3122.31,3160.0,2851.55,2891.87,488693.2624
779,2022-02-18 00:00:00,2891.88,2943.97,2750.0,2779.48,502977.4069
780,2022-02-19 00:00:00,2779.3,2830.96,2694.45,2763.63,293838.0025
781,2022-02-20 00:00:00,2763.63,2764.64,2576.0,2621.99,386384.904
782,2022-02-21 00:00:00,2621.99,2759.51,2558.0,2568.02,761838.9858
783,2022-02-22 00:00:00,2568.03,2665.74,2500.0,2636.29,692639.4942
784,2022-02-23 00:00:00,2636.28,2753.55,2575.83,2579.71,504470.1412
785,2022-02-24 00:00:00,2579.7,2740.0,2300.0,2596.2,1395732.7753
786,2022-02-25 00:00:00,2596.26,2834.97,2571.72,2768.49,679394.1762
787,2022-02-26 00:00:00,2768.05,2878.0,2727.5,2779.47,418485.2529
788,2022-02-27 00:00:00,2779.47,2836.33,2557.98,2616.79,650198.7785
789,2022-02-28 00:00:00,2616.79,2951.6,2568.62,2920.95,733794.4488
790,2022-03-01 00:00:00,2920.83,3037.94,2854.09,2976.33,673901.6976
791,2022-03-02 00:00:00,2976.33,3043.91,2914.21,2947.3,614623.7461
792,2022-03-03 00:00:00,2947.31,2970.97,2785.0,2833.99,446192.2353
793,2022-03-04 00:00:00,2834.0,2836.17,2573.0,2622.1,556178.7588
794,2022-03-05 00:00:00,2622.11,2685.12,2589.38,2665.15,268730.3036
795,2022-03-06 00:00:00,2665.16,2676.29,2535.0,2551.29,336487.9099
796,2022-03-07 00:00:00,2551.3,2649.0,2445.0,2491.12,620171.6787
797,2022-03-08 00:00:00,2491.12,2624.0,2480.15,2575.97,561659.7421
798,2022-03-09 00:00:00,2575.98,2775.85,2567.7,2726.98,562771.7403
799,2022-03-10 00:00:00,2726.98,2733.25,2550.27,2606.7,559029.9377
800,2022-03-11 00:00:00,2606.69,2676.78,2522.57,2556.86,494583.6568
801,2022-03-12 00:00:00,2556.86,2616.79,2553.39,2568.8,219236.5711
802,2022-03-13 00:00:00,2568.8,2603.32,2493.0,2515.65,316942.1601
803,2022-03-14 00:00:00,2515.66,2609.6,2498.67,2589.41,386630.1912
804,2022-03-15 00:00:00,2589.42,2669.0,2507.0,2617.73,461202.3014
805,2022-03-16 00:00:00,2617.74,2788.0,2603.38,2773.81,666224.7217
806,2022-03-17 00:00:00,2773.8,2836.0,2746.42,2811.92,379312.541
807,2022-03-18 00:00:00,2811.91,2984.0,2765.59,2938.92,556535.7966
808,2022-03-19 00:00:00,2938.84,2987.7,2890.86,2950.84,325971.5398
809,2022-03-20 00:00:00,2950.85,2964.17,2817.21,2861.38,377608.8214
810,2022-03-21 00:00:00,2861.39,2960.57,2829.81,2890.03,450223.9073
811,2022-03-22 00:00:00,2890.03,3052.85,2886.43,2969.64,564868.9839
812,2022-03-23 00:00:00,2969.64,3045.2,2920.65,3036.0,453962.7298
813,2022-03-24 00:00:00,3035.99,3129.11,2999.11,3110.76,577171.5239
814,2022-03-25 00:00:00,3110.75,3193.28,3076.0,3102.14,489099.5572
815,2022-03-26 00:00:00,3102.13,3153.2,3084.9,3145.0,207134.847
816,2022-03-27 00:00:00,3145.01,3299.37,3126.02,3295.65,335467.4145
817,2022-03-28 00:00:00,3295.65,3431.15,3275.01,3332.92,527237.1133
818,2022-03-29 00:00:00,3332.91,3481.87,3329.68,3400.51,465899.8226
819,2022-03-30 00:00:00,3400.51,3446.9,3331.84,3385.79,356082.5231
820,2022-03-31 00:00:00,3385.8,3444.83,3261.35,3281.51,455091.2395
821,2022-04-01 00:00:00,3281.51,3481.29,3210.68,3455.21,532169.2392
822,2022-04-02 00:00:00,3455.2,3532.2,3433.14,3443.77,499893.29
823,2022-04-03 00:00:00,3443.77,3580.34,3412.11,3521.91,381581.7683
824,2022-04-04 00:00:00,3521.9,3547.0,3405.97,3519.5,449984.1586
825,2022-04-05 00:00:00,3519.5,3555.0,3400.0,3406.99,397782.7437
826,2022-04-06 00:00:00,3407.0,3407.5,3162.39,3168.51,736273.1047
827,2022-04-07 00:00:00,3168.52,3268.98,3143.15,3227.19,458179.3272
828,2022-04-08 00:00:00,3227.2,3314.02,3173.52,3192.39,502422.5048
829,2022-04-09 00:00:00,3192.39,3268.4,3181.28,3258.57,212444.2566
830,2022-04-10 00:00:00,3258.57,3307.22,3193.0,3203.04,232303.2326
831,2022-04-11 00:00:00,3203.04,3213.63,2950.0,2979.74,693394.2912
832,2022-04-12 00:00:00,2979.75,3085.0,2950.0,3027.66,579522.9505
833,2022-04-13 00:00:00,3027.65,3128.97,2996.86,3118.28,419101.494
834,2022-04-14 00:00:00,3118.28,3145.0,2976.3,3021.98,408382.5572
835,2022-04-15 00:00:00,3021.98,3060.92,2993.13,3040.56,249626.2981
836,2022-04-16 00:00:00,3040.57,3086.1,3010.03,3059.3,176352.4165
837,2022-04-17 00:00:00,3059.3,3083.0,2981.7,2988.06,243772.074
838,2022-04-18 00:00:00,2988.07,3069.6,2883.22,3055.56,510251.6536
839,2022-04-19 00:00:00,3055.56,3131.0,3030.34,3101.77,359375.0038
840,2022-04-20 00:00:00,3101.74,3166.5,3036.45,3076.04,415000.0685
841,2022-04-21 00:00:00,3076.03,3180.0,2942.31,2983.58,562699.697
842,2022-04-22 00:00:00,2983.57,3034.32,2930.35,2962.39,452433.082
843,2022-04-23 00:00:00,2962.39,2978.03,2913.89,2933.03,187576.7324
844,2022-04-24 00:00:00,2933.04,2967.06,2912.09,2921.0,218957.0222
845,2022-04-25 00:00:00,2920.99,3025.65,2797.01,3006.62,619198.3616
846,2022-04-26 00:00:00,3006.63,3039.54,2767.0,2809.67,531184.3504
847,2022-04-27 00:00:00,2809.68,2919.87,2794.46,2888.96,488951.2416
848,2022-04-28 00:00:00,2888.95,2980.0,2853.83,2936.93,537392.9978
849,2022-04-29 00:00:00,2936.92,2946.46,2776.63,2817.13,525978.147
850,2022-04-30 00:00:00,2817.13,2841.63,2709.26,2726.66,367757.2469
851,2022-05-01 00:00:00,2726.67,2849.9,2716.13,2824.81,442544.8792
852,2022-05-02 00:00:00,2824.81,2894.22,2778.78,2856.54,521706.8567
853,2022-05-03 00:00:00,2856.54,2861.47,2755.19,2781.7,371331.1796
854,2022-05-04 00:00:00,2781.7,2965.85,2771.74,2940.64,548738.0668
855,2022-05-05 00:00:00,2940.65,2954.65,2683.0,2747.97,734845.3194
856,2022-05-06 00:00:00,2747.96,2758.18,2632.95,2692.85,711449.3234
857,2022-05-07 00:00:00,2692.86,2704.36,2584.75,2635.34,371271.4532
858,2022-05-08 00:00:00,2635.35,2642.0,2484.0,2519.71,757615.3415
859,2022-05-09 00:00:00,2519.71,2530.78,2225.0,2228.55,1574924.9793
860,2022-05-10 00:00:00,2229.0,2457.34,2200.0,2342.05,1550626.1387
861,2022-05-11 00:00:00,2342.04,2451.37,2005.0,2084.99,2022864.83806
862,2022-05-12 00:00:00,2084.99,2195.0,1800.0,1960.22,2305192.90836
863,2022-05-13 00:00:00,1960.22,2147.54,1940.23,2009.69,1134042.3387
864,2022-05-14 00:00:00,2009.69,2070.06,1951.21,2056.48,563788.3078
865,2022-05-15 00:00:00,2056.47,2167.0,2000.68,2145.29,514398.2587
866,2022-05-16 00:00:00,2145.29,2145.29,1979.12,2023.66,822070.8531
867,2022-05-17 00:00:00,2023.66,2122.42,2008.0,2090.72,568249.0448
868,2022-05-18 00:00:00,2090.72,2110.72,1908.0,1915.11,631577.2341
869,2022-05-19 00:00:00,1915.11,2040.39,1903.18,2019.55,741476.9794
870,2022-05-20 00:00:00,2019.55,2064.0,1923.0,1959.08,576981.5371
871,2022-05-21 00:00:00,1959.08,1990.86,1937.36,1975.07,238869.7632
872,2022-05-22 00:00:00,1975.06,2056.41,1966.33,2043.19,355735.1927
873,2022-05-23 00:00:00,2043.19,2088.5,1957.12,1973.32,636085.0224
874,2022-05-24 00:00:00,1973.33,1993.83,1913.02,1979.41,534096.972
875,2022-05-25 00:00:00,1979.4,2022.34,1934.61,1942.63,524786.3091
876,2022-05-26 00:00:00,1942.64,1966.01,1735.0,1792.23,1168740.57514
877,2022-05-27 00:00:00,1792.24,1822.26,1703.0,1727.27,1296693.28537
878,2022-05-28 00:00:00,1727.26,1808.98,1722.26,1792.22,558271.1818
879,2022-05-29 00:00:00,1792.21,1827.4,1759.96,1813.64,432430.611
880,2022-05-30 00:00:00,1813.64,2013.0,1803.18,1998.78,814922.8359
881,2022-05-31 00:00:00,1998.78,2016.45,1925.0,1941.9,751103.4226
882,2022-06-01 00:00:00,1941.9,1972.58,1763.75,1817.95,1037841.2706
883,2022-06-02 00:00:00,1817.96,1853.05,1782.42,1834.08,788784.4017
884,2022-06-03 00:00:00,1834.09,1843.91,1737.0,1775.12,741282.5346
885,2022-06-04 00:00:00,1775.13,1816.0,1748.43,1804.58,388279.4579
886,2022-06-05 00:00:00,1804.58,1830.17,1773.05,1806.23,371974.5061
887,2022-06-06 00:00:00,1806.22,1920.0,1804.35,1859.84,804250.3567
888,2022-06-07 00:00:00,1859.84,1874.98,1725.13,1813.33,1397598.2288
889,2022-06-08 00:00:00,1813.33,1838.77,1765.28,1791.88,941510.1373
890,2022-06-09 00:00:00,1791.88,1833.0,1777.33,1788.81,535310.9618
891,2022-06-10 00:00:00,1788.8,1804.32,1655.93,1662.91,955035.79239
892,2022-06-11 00:00:00,1662.91,1682.21,1496.74,1532.89,1220325.2542
893,2022-06-12 00:00:00,1532.89,1547.0,1423.0,1434.84,1563225.37018
894,2022-06-13 00:00:00,1434.84,1455.0,1165.45,1209.82,3626351.66536
895,2022-06-14 00:00:00,1209.35,1268.45,1075.8,1208.9,2716493.80131
896,2022-06-15 00:00:00,1208.9,1250.0,1014.4,1237.52,3114823.13621
897,2022-06-16 00:00:00,1237.53,1257.85,1051.55,1068.5,1447386.8304
898,2022-06-17 00:00:00,1068.5,1118.0,1051.11,1086.94,1220677.9491
899,2022-06-18 00:00:00,1086.93,1097.58,881.56,995.13,2308983.5187
900,2022-06-19 00:00:00,995.12,1158.62,936.15,1128.53,2018599.4499
901,2022-06-20 00:00:00,1128.53,1170.0,1053.0,1128.24,1721772.9132
902,2022-06-21 00:00:00,1128.24,1194.0,1109.23,1125.85,1306095.3757
903,2022-06-22 00:00:00,1125.86,1127.33,1043.65,1050.19,1306959.8593
904,2022-06-23 00:00:00,1050.19,1155.0,1045.3,1144.72,1278257.0899
905,2022-06-24 00:00:00,1144.71,1245.43,1132.0,1225.02,1337137.483
906,2022-06-25 00:00:00,1225.02,1256.77,1180.0,1242.36,861986.6177
907,2022-06-26 00:00:00,1242.31,1280.0,1194.6,1197.79,884184.273
908,2022-06-27 00:00:00,1197.79,1238.93,1172.49,1192.51,868734.2061
909,2022-06-28 00:00:00,1192.51,1237.99,1136.32,1144.05,1104065.2211
910,2022-06-29 00:00:00,1144.05,1156.8,1087.42,1100.21,1295517.796
911,2022-06-30 00:00:00,1100.21,1106.62,998.0,1071.01,1420670.3656
912,2022-07-01 00:00:00,1071.02,1117.0,1033.44,1059.73,1562255.1439
913,2022-07-02 00:00:00,1059.73,1078.88,1028.29,1067.01,714812.0804
914,2022-07-03 00:00:00,1067.01,1088.34,1040.78,1074.26,644746.3337
915,2022-07-04 00:00:00,1074.26,1160.9,1045.37,1151.0,1150108.9861
916,2022-07-05 00:00:00,1151.01,1174.9,1076.34,1132.5,1398961.4495
917,2022-07-06 00:00:00,1132.51,1205.0,1111.44,1186.57,1211768.0757
918,2022-07-07 00:00:00,1186.57,1254.29,1163.18,1237.49,1001316.079
919,2022-07-08 00:00:00,1237.49,1276.46,1193.15,1214.04,1189518.3631
920,2022-07-09 00:00:00,1214.03,1235.4,1204.67,1217.02,576337.1809
921,2022-07-10 00:00:00,1217.02,1219.95,1153.0,1168.36,1018038.6506
922,2022-07-11 00:00:00,1168.37,1171.29,1091.71,1096.4,1201652.3048
923,2022-07-12 00:00:00,1096.37,1098.26,1033.46,1038.58,1261349.6321
924,2022-07-13 00:00:00,1038.58,1119.18,1006.32,1115.0,2035605.8299
925,2022-07-14 00:00:00,1115.01,1214.65,1072.11,1193.42,1605101.9262
926,2022-07-15 00:00:00,1193.42,1287.82,1181.05,1231.25,1466037.2584
927,2022-07-16 00:00:00,1231.25,1422.91,1191.23,1355.85,1493809.9226
928,2022-07-17 00:00:00,1355.84,1387.0,1319.04,1338.65,1246202.8795
929,2022-07-18 00:00:00,1338.65,1597.47,1336.07,1581.04,2029918.76521
930,2022-07-19 00:00:00,1581.03,1631.0,1493.11,1542.32,1846048.6816
931,2022-07-20 00:00:00,1542.33,1620.4,1484.23,1521.58,1351177.4247
932,2022-07-21 00:00:00,1521.63,1605.98,1463.56,1575.45,1247327.4963
933,2022-07-22 00:00:00,1575.45,1650.05,1516.11,1535.27,1170723.0873
934,2022-07-23 00:00:00,1535.27,1596.51,1488.0,1548.67,851284.7339
935,2022-07-24 00:00:00,1548.66,1664.34,1545.67,1597.7,1009935.8997
936,2022-07-25 00:00:00,1597.7,1609.55,1435.58,1440.79,1418390.9809
937,2022-07-26 00:00:00,1440.79,1454.11,1356.17,1449.12,1199643.7408
938,2022-07-27 00:00:00,1449.12,1644.44,1420.83,1635.74,1513426.0413
939,2022-07-28 00:00:00,1635.74,1784.79,1593.27,1724.52,1578145.07555
940,2022-07-29 00:00:00,1724.52,1765.99,1655.02,1721.68,1205266.5703
941,2022-07-30 00:00:00,1721.68,1744.85,1673.01,1697.0,735132.5286
942,2022-07-31 00:00:00,1697.0,1754.69,1666.0,1678.12,696326.8079
943,2022-08-01 00:00:00,1678.12,1704.68,1606.12,1630.28,801566.5648
944,2022-08-02 00:00:00,1630.28,1678.0,1559.28,1630.91,1081964.5104
945,2022-08-03 00:00:00,1630.91,1685.03,1589.71,1618.16,777724.7413
946,2022-08-04 00:00:00,1618.16,1662.79,1580.39,1607.96,735552.181
947,2022-08-05 00:00:00,1607.97,1742.07,1605.64,1736.81,1005846.4712
948,2022-08-06 00:00:00,1736.81,1749.93,1685.26,1690.6,523314.6444
949,2022-08-07 00:00:00,1690.6,1729.79,1668.0,1700.19,439904.764
950,2022-08-08 00:00:00,1700.2,1818.0,1693.87,1777.05,781620.5443
951,2022-08-09 00:00:00,1777.05,1790.83,1667.93,1702.76,818171.1019
952,2022-08-10 00:00:00,1702.76,1885.0,1656.78,1853.57,1317767.5127
953,2022-08-11 00:00:00,1853.58,1942.0,1850.32,1880.19,1105261.9009
954,2022-08-12 00:00:00,1880.19,1964.71,1853.06,1958.28,717628.1015
955,2022-08-13 00:00:00,1958.28,2020.0,1946.5,1983.55,695876.0293
956,2022-08-14 00:00:00,1983.55,2030.0,1906.0,1935.31,569583.4852
957,2022-08-15 00:00:00,1935.32,2012.47,1872.31,1899.06,949162.3305
958,2022-08-16 00:00:00,1899.05,1915.0,1853.0,1876.67,622729.1499
959,2022-08-17 00:00:00,1876.67,1959.43,1818.74,1834.25,951824.8975
960,2022-08-18 00:00:00,1834.24,1882.37,1821.25,1846.39,606254.024
961,2022-08-19 00:00:00,1846.39,1848.0,1602.37,1609.01,1419826.9515
962,2022-08-20 00:00:00,1609.0,1657.08,1523.67,1576.04,914615.9226
963,2022-08-21 00:00:00,1576.03,1646.52,1562.34,1618.13,780662.6062
964,2022-08-22 00:00:00,1618.13,1629.72,1529.92,1624.66,941192.8954
965,2022-08-23 00:00:00,1624.65,1676.07,1563.76,1665.41,940246.932
966,2022-08-24 00:00:00,1665.4,1694.13,1604.92,1656.56,744667.6078
967,2022-08-25 00:00:00,1656.56,1722.0,1653.68,1695.11,603090.713
968,2022-08-26 00:00:00,1695.11,1706.45,1486.85,1508.18,1149912.8292
969,2022-08-27 00:00:00,1508.18,1518.42,1447.52,1491.06,756136.6768
970,2022-08-28 00:00:00,1491.06,1511.0,1424.0,1426.76,544846.4486
971,2022-08-29 00:00:00,1426.76,1559.99,1422.08,1551.8,826252.0831
972,2022-08-30 00:00:00,1551.79,1606.13,1473.61,1524.59,1003075.0172
973,2022-08-31 00:00:00,1524.59,1619.78,1524.59,1554.1,949227.6775
974,2022-09-01 00:00:00,1554.11,1599.0,1512.77,1586.16,728710.482
975,2022-09-02 00:00:00,1586.17,1650.0,1546.41,1575.35,919009.6598
976,2022-09-03 00:00:00,1575.35,1582.71,1534.28,1557.46,321397.2189
977,2022-09-04 00:00:00,1557.45,1583.66,1540.66,1579.28,296591.1166
978,2022-09-05 00:00:00,1579.29,1631.99,1556.56,1617.8,503492.937
979,2022-09-06 00:00:00,1617.8,1687.4,1555.0,1559.01,1010722.8578
980,2022-09-07 00:00:00,1559.01,1657.5,1490.66,1630.0,850991.4243
981,2022-09-08 00:00:00,1630.0,1663.56,1595.06,1635.37,645124.0085
982,2022-09-09 00:00:00,1635.37,1746.13,1630.51,1718.23,837458.2126
983,2022-09-10 00:00:00,1718.24,1789.0,1706.03,1774.12,411046.2466
984,2022-09-11 00:00:00,1774.12,1789.0,1720.1,1766.11,409287.7263
985,2022-09-12 00:00:00,1766.12,1783.0,1693.0,1716.37,630774.6032
986,2022-09-13 00:00:00,1716.37,1760.51,1560.54,1574.4,1134549.7256
987,2022-09-14 00:00:00,1574.4,1647.01,1552.38,1638.39,764562.5393
988,2022-09-15 00:00:00,1638.4,1655.2,1458.0,1472.75,1335499.8047
989,2022-09-16 00:00:00,1472.76,1483.35,1405.52,1433.9,693597.2425
990,2022-09-17 00:00:00,1433.9,1476.13,1409.12,1468.83,421391.3743
991,2022-09-18 00:00:00,1468.82,1469.63,1325.55,1334.51,804113.468
992,2022-09-19 00:00:00,1334.51,1393.35,1280.0,1375.98,974855.198
993,2022-09-20 00:00:00,1375.98,1384.78,1312.71,1322.93,658027.1465
994,2022-09-21 00:00:00,1322.94,1408.9,1220.0,1245.78,1192266.7379
995,2022-09-22 00:00:00,1245.79,1350.08,1237.32,1326.46,904282.2725
996,2022-09-23 00:00:00,1326.47,1360.0,1262.15,1327.25,974052.3644
997,2022-09-24 00:00:00,1327.24,1349.33,1306.52,1317.13,517557.3497
998,2022-09-25 00:00:00,1317.13,1337.0,1269.27,1294.63,515533.8409
999,2022-09-26 00:00:00,1294.62,1340.42,1277.85,1336.17,799166.4333
1000,2022-09-27 00:00:00,1336.17,1400.0,1303.75,1328.02,860584.8944
1001,2022-09-28 00:00:00,1328.01,1355.7,1253.2,1337.2,919314.9131
1002,2022-09-29 00:00:00,1337.2,1352.02,1288.52,1335.7,770591.6895
1003,2022-09-30 00:00:00,1335.69,1373.19,1313.35,1328.72,740753.611
1004,2022-10-01 00:00:00,1328.71,1333.69,1302.68,1311.79,252081.9056
1005,2022-10-02 00:00:00,1311.79,1317.93,1270.0,1276.72,371740.0407
1006,2022-10-03 00:00:00,1276.72,1329.9,1263.04,1323.09,483775.2435
1007,2022-10-04 00:00:00,1323.1,1369.55,1318.66,1361.49,476207.6702
1008,2022-10-05 00:00:00,1361.5,1364.77,1316.29,1352.2,483508.7782
1009,2022-10-06 00:00:00,1352.2,1383.99,1345.01,1352.06,573975.324
1010,2022-10-07 00:00:00,1352.07,1361.75,1317.26,1331.1,491999.8776
1011,2022-10-08 00:00:00,1331.1,1337.35,1303.51,1315.48,203391.6612
1012,2022-10-09 00:00:00,1315.48,1329.0,1307.26,1323.13,186201.9185
1013,2022-10-10 00:00:00,1323.13,1338.0,1288.0,1290.03,393663.0114
1014,2022-10-11 00:00:00,1290.03,1298.0,1267.01,1280.11,429430.3941
1015,2022-10-12 00:00:00,1280.11,1306.87,1275.25,1294.44,369712.5759
1016,2022-10-13 00:00:00,1294.44,1301.58,1190.0,1287.08,945618.3163
1017,2022-10-14 00:00:00,1287.08,1343.12,1283.39,1296.27,669742.8093
1018,2022-10-15 00:00:00,1296.26,1301.69,1263.64,1274.92,287100.9529
1019,2022-10-16 00:00:00,1274.93,1315.35,1274.67,1305.95,293321.3632
1020,2022-10-17 00:00:00,1305.96,1338.57,1295.64,1331.4,459848.4941
1021,2022-10-18 00:00:00,1331.39,1341.73,1286.72,1310.71,572728.9189
1022,2022-10-19 00:00:00,1310.71,1313.5,1280.31,1285.09,368637.5105
1023,2022-10-20 00:00:00,1285.09,1310.87,1270.36,1282.57,428531.6103
1024,2022-10-21 00:00:00,1282.57,1306.97,1252.65,1299.75,468076.7986
1025,2022-10-22 00:00:00,1299.76,1320.2,1294.32,1313.61,221776.7007
1026,2022-10-23 00:00:00,1313.62,1371.55,1299.44,1364.2,432269.46
1027,2022-10-24 00:00:00,1364.19,1370.6,1324.17,1343.61,611830.797
1028,2022-10-25 00:00:00,1343.61,1525.16,1334.94,1459.74,1127932.9012
1029,2022-10-26 00:00:00,1459.74,1594.99,1457.44,1566.1,1236044.7023
1030,2022-10-27 00:00:00,1566.11,1578.58,1503.2,1514.05,869454.4851
1031,2022-10-28 00:00:00,1514.04,1574.9,1479.82,1554.41,858954.4425
1032,2022-10-29 00:00:00,1554.4,1663.06,1547.66,1619.55,914161.0846
1033,2022-10-30 00:00:00,1619.55,1640.06,1576.56,1590.44,476036.4243
1034,2022-10-31 00:00:00,1590.45,1635.8,1545.43,1572.69,810334.2414
1035,2022-11-01 00:00:00,1572.69,1612.92,1563.69,1578.48,527539.2965
1036,2022-11-02 00:00:00,1578.47,1621.68,1502.32,1518.34,981395.3648
1037,2022-11-03 00:00:00,1518.33,1559.01,1515.17,1531.01,560202.8813
1038,2022-11-04 00:00:00,1531.01,1680.0,1528.4,1644.78,935531.4781
1039,2022-11-05 00:00:00,1644.78,1666.97,1621.42,1626.98,351385.5362
1040,2022-11-06 00:00:00,1626.98,1639.02,1564.39,1568.29,414863.9525
1041,2022-11-07 00:00:00,1568.25,1608.04,1545.03,1568.1,642409.4494
1042,2022-11-08 00:00:00,1568.09,1579.98,1233.0,1334.77,2339916.5089
1043,2022-11-09 00:00:00,1334.78,1337.16,1073.53,1102.73,2494797.9357
1044,2022-11-10 00:00:00,1102.73,1350.0,1085.93,1299.28,1975955.6767
1045,2022-11-11 00:00:00,1299.28,1310.0,1201.26,1289.28,1308087.1498
1046,2022-11-12 00:00:00,1289.35,1292.16,1238.7,1257.25,547772.9172
1047,2022-11-13 00:00:00,1257.25,1274.23,1200.66,1221.49,547410.5304
1048,2022-11-14 00:00:00,1221.5,1291.2,1171.13,1243.28,934742.0059
1049,2022-11-15 00:00:00,1243.29,1291.0,1234.01,1253.23,632825.568
1050,2022-11-16 00:00:00,1253.22,1268.67,1187.06,1216.17,673339.7215
1051,2022-11-17 00:00:00,1216.16,1228.22,1181.05,1200.43,530537.3488
1052,2022-11-18 00:00:00,1200.42,1234.0,1199.18,1212.58,360218.5337
1053,2022-11-19 00:00:00,1212.58,1235.0,1197.67,1217.67,209789.5888
1054,2022-11-20 00:00:00,1217.67,1227.07,1132.65,1142.21,531108.7607
1055,2022-11-21 00:00:00,1142.21,1146.99,1079.76,1107.34,922647.9454
1056,2022-11-22 00:00:00,1107.34,1146.13,1075.0,1139.6,748884.5791
1057,2022-11-23 00:00:00,1139.59,1190.0,1127.75,1184.52,636927.1594
1058,2022-11-24 00:00:00,1184.52,1217.71,1180.6,1203.73,486080.6123
1059,2022-11-25 00:00:00,1203.72,1207.77,1171.2,1199.3,391430.1658
1060,2022-11-26 00:00:00,1199.29,1235.66,1196.2,1205.6,379840.8116
1061,2022-11-27 00:00:00,1205.61,1223.33,1188.65,1193.88,286386.7986
1062,2022-11-28 00:00:00,1193.88,1199.25,1151.02,1167.77,478795.6093
1063,2022-11-29 00:00:00,1167.77,1228.37,1158.27,1216.49,512143.5861
1064,2022-11-30 00:00:00,1216.49,1309.77,1212.5,1294.46,815679.2717
1065,2022-12-01 00:00:00,1294.46,1299.9,1262.77,1276.41,430018.7391
1066,2022-12-02 00:00:00,1276.4,1297.18,1265.24,1295.59,371559.585
1067,2022-12-03 00:00:00,1295.58,1309.0,1236.26,1240.51,347148.2588
1068,2022-12-04 00:00:00,1240.5,1287.19,1240.1,1279.41,324129.5466
1069,2022-12-05 00:00:00,1279.4,1305.11,1246.61,1259.41,391628.5166
1070,2022-12-06 00:00:00,1259.41,1274.76,1241.56,1271.32,301631.839
1071,2022-12-07 00:00:00,1271.31,1278.69,1218.01,1231.18,398559.5166
1072,2022-12-08 00:00:00,1231.18,1292.58,1222.01,1280.18,406653.5447
1073,2022-12-09 00:00:00,1280.18,1296.64,1250.0,1263.1,406008.0032
1074,2022-12-10 00:00:00,1263.11,1283.61,1259.6,1266.35,182278.6396
1075,2022-12-11 00:00:00,1266.35,1284.75,1255.85,1263.01,180494.902
1076,2022-12-12 00:00:00,1263.0,1278.9,1240.03,1275.4,363750.5481
1077,2022-12-13 00:00:00,1275.41,1349.0,1255.1,1320.69,659393.8825
1078,2022-12-14 00:00:00,1320.69,1352.72,1301.0,1307.44,554465.5717
1079,2022-12-15 00:00:00,1307.45,1311.14,1259.27,1266.54,390051.2447
1080,2022-12-16 00:00:00,1266.53,1280.06,1155.32,1166.83,751422.2779
1081,2022-12-17 00:00:00,1166.82,1190.03,1161.92,1187.16,328881.6281
1082,2022-12-18 00:00:00,1187.16,1199.54,1170.32,1183.06,252260.144
1083,2022-12-19 00:00:00,1183.06,1195.0,1150.51,1167.82,296832.7228
1084,2022-12-20 00:00:00,1167.82,1230.47,1163.12,1216.94,465184.1943
1085,2022-12-21 00:00:00,1216.95,1223.39,1203.02,1213.78,245723.8377
1086,2022-12-22 00:00:00,1213.78,1237.99,1182.54,1217.71,336761.6598
1087,2022-12-23 00:00:00,1217.72,1231.99,1210.0,1219.99,278604.2882
1088,2022-12-24 00:00:00,1219.98,1227.99,1214.69,1220.41,123701.5301
1089,2022-12-25 00:00:00,1220.42,1225.0,1193.18,1218.51,231652.0612
1090,2022-12-26 00:00:00,1218.52,1231.09,1211.67,1228.11,162723.0857
1091,2022-12-27 00:00:00,1228.12,1233.73,1200.58,1211.55,262437.6398
1092,2022-12-28 00:00:00,1211.55,1215.78,1181.06,1190.15,367828.8914
1093,2022-12-29 00:00:00,1190.15,1206.57,1186.77,1200.49,249130.4869
1094,2022-12-30 00:00:00,1200.48,1202.15,1181.08,1199.99,266014.2115
1095,2022-12-31 00:00:00,1199.98,1208.46,1191.66,1196.13,139379.2811
1096,2023-01-01 00:00:00,1196.13,1204.67,1190.57,1200.34,117762.0685
1097,2023-01-02 00:00:00,1200.33,1224.29,1193.0,1214.0,252794.14
1098,2023-01-03 00:00:00,1213.99,1219.89,1211.5,1216.44,87349.336
